2371,3048891
17
2344,521000,86
10491,9822
10399,16004711,9882
12489
10399
10399
2956,2970
17468,17470
3017
17468,17496,3114
17468,4
3017
2967
10605,17458,17470,3016
10300,10399
10399
10177,10399,171129
12449
16004731,4456,4465,542666
16004731,4456
12599,16004731,4456,9928
13371,17
13371,17,746228
13371,17,746228
10129,10132,9822
10457,3559170011,9999
16197,17416,17468,17470,2967,3017,720360
2351,28,3003
17
10495,17
10907,10975,2397
13354,17
10495,17
4615
16190,17,17468,17470,2787,2966,3017
17029,2,4230,4296
16197,17
16197,17
10129,10195,16190
49
10132,10495,23
17,18
17
2675,3048891,4456,4861
13354,17,28
13354,17,28
13354,17
17
17
17
10417
13371,17
13371,17
10495,13354,17
10132
2966,3003,3072
9822
11232,20,4682,4732,4733
10129,10169,9822
271587011,720360,9822
10108
10132,10163,9822
10132,10163,9822
10457,10482,720360
21,2330,2377,2395,2444,4948
10129,9822
9822
16190,17
17,23
10491,23,9822
23,9822
10248,4539,9966
11119,11232,160223011,227595,2444,292220,75
11119,2,4745,4746
4615,4645,4744
10129,10457,10482
10482,17
2445,4456,6
10132,10177,10311,10495,9822
10399,10487
10457,10487,17
10132,12689
10132
10491,17
10484,17
10480,17
10132,9822
2967,2970,3017,3064,3114
3003,3007
1288264011,1294449011,2967,2970,3017
2970,3150,3163,3261
10248,1288264011,1294449011,2970,3007
10248,2970,3003,3007,3009,4456,9822
1288264011,1294449011,1297808011,2787,2970,3153,3172
1288264011,1294449011,2787,2967,2970
2966,2977,3003,3011,3017
17416,2967,3003,3064
17456,17496,3003,3053,3122
17456,17496,3003,3068
16190,17
10132,9822
11079,11232,4456
16594,2344,2347,2446,86
10163
10108,10132
10108,10132
10132
10480,10482,10495,17
16190,17
10132,23
10132,13354
10132
12827,13371,17,746228
10132,10177,1288264011,1294449011,1297808011,16286,18
10132
13371,17
10480,10487,17
10132,10163
10132,10495
17,23
11079,11232,12015,172763
13371,17
23,4465
11015,11325,12015,17,2445
17,468236
10495,13354,17
10480,17
17,23
10132,10177,11232
16195,17
1288264011,1294449011,1297808011,16195,17
2445,2717,3048891
17468,17470,2966,2977,3003,3011,3017
10177,10495
10300
10108,10207,2445,3048891
2351,28,2966,3003
17496,3068,3122
10457,16190,16399311,17
13371,17,746228
17416,17468,17470,25,2966,2967,3017,3068
10399,12331,12489,4465
10132,10399
10399,17445
10399,2160
10132,10399
10399,17445,468236
10399
11232,2366,4853,491422,491478
10132,4497
11875,4402
10132
11119,11401,3377866011,4682,4732,4745
10132,10399,17496
10132,10300
11892,17,2330,2445
12015,17029,17228,4456
4456,524198,9882
10132,23
11119,12689,1288264011,1294449011,863256
10132
10132,4497
9822
10132
10132,271587011,720360
11390,2330,2423,2445,4840
10132
10108,524198
10132
11119,11232,160223011,227595,2444,292220
10132,10399
10016,10132,10399,16272
10129,10132,10399,21,9882
10132,10399
10132
10129,10169
2423,2444,2445,282911,4720
10132,11232
10132,10399
10132,10399
10491,10495,17
10132,10177,720360
17031,2445,4456
10491,17,23
10300,10457,16190
10132,16201,23,720360
2,4223,4230
10132,10399,10484,1288264011,1294449011,9928
171129
10132,10177
10177
10132,23
11079,11232,14494,14631,2542,2636,355577011,4853
227203,4676
10449,16261081
11119,11325,11401,17496,3068,3123,3160
10132,12689
17
10491,17
10399
10495,13354,17
10703,11232,4484,491460,491552,4984
4465
12624,12689,4733
11119,4456,491492,684297011,689783011
10132
17
10132,10399
10132
11232,11325,2366
17,468236
10,17
10132,11232
10132,468236,9955
17,4456
171141,2437,3048891
10132
9822
10491,9822
11079,3,4456,720030
13617,13625,14484,14519,2376,2437
10132,10163
10132
17
17,5
16190,17
17
10177,12599,16190,17437,17468,4
17
10129,13354,16004661,4465,542666
10132,1288264011,1294449011,16190,49
11488,11713,11986,2330,2371,2377,2395,2444,465246,4853,4948,4958,5011
10457,10482,17
10457,10482,17
10457,10482,17
10457,10482,17
10457,10482,17
10493,16201,16275,17
17
10480,17
10470,4497
10480,17,5049
10493,10495,17
10493,17
10493,17
10480,10482,17
10457,10495,171129
13617,13625,14278871,14484,14519,2376,2437,886086
10495,10497,17
16190,17
16190,17
10129,16190,720360
16190,4465
16190,4465
16190,4465
16190,17
16190,17
16190,17
16205,17
13354,17
10480,10487,17
10457,10495,17
10457,10487,10495,17
16594,2344,2347,2446,86
10132,10495,23
10495,17,23
16190,17
10487,10495,17
10132,10487,10493
17,23
10132
10177,49
10300
13354,17
10495,13354,17
13354,17
10480,10487,17
10461,17
10457,13389,17
10480,17
16272,17
16197,16272,49
16190,49
10132,16272
16190,17
10141,16193,18,49
16272,4497
16190,17
16190,4465
16272,4497
16190,16272,17
16190,16273,17
16190,17
16190,17
16205,17
13371,17
10457,10482,17
10457,10484,17
25,49
10129,10457
10129,10163,10177
10163,18
18,49
16272,17
16197,4465
10457,10482,17
10457,17
17,23
13354,17
10132,10457,10482,23
10487,13389,17
17
10132
13354,17
10457,10487,17
10129,25,9810
10480,10487,17
10457,17
13354,17
10132
10480,10487,17
10480,10487,17
12809,4733,4734
10132,23
10132
17
17
10457,10482,17
10457,10482,17
10480,10495,17
10163,23
10129,10132
10487,17
10132,10457
49
10457,10482,17
10457,10482,17
13354,3559170011,9822
10457,10482,17
17
10457,10495,17
10457,17
13354,17
13354,17
13354,17
11232,12478,12689,2346
11325,12404,12809,16009861,2398,9
10132,271587011
10132,16190,271587011
11119,11325,12689,4739
12783,468230,5035,684281011
10248,22
12809,5126
12015,12555,12563,27,4751
10132,12331,12489,12809
11617,13559,17213,2397,2429,2445,290062
2956,2970,3045,3172
2956,2970,3059,3172
17437,17445,2956,2970,3172
2956,2970,3045,3172
17437,17445,17496,2956,2970,3045,3172
17437,17445,17496,2956,2970,3045,3172
17437,17445,17496,2956,2970,3045,3167
17437,17445,17496,2956,2970,3045,3172
2956,2970
2787,2970
17,2787,2970,3153,3172
2787,2967,2970
17416,17445,17496,2787,2967,2970,3068
16190,17437,17468,17470
2956,2966,3153
2956,2966,3153
17437,17496,2956,2966,3153
2956,3153
2987,3018,3019
28,2987,3018,3019
17468,17470,17496,3017,3045,3125,3153
2970,3045,3068
10132,10399,2966,2970
2970,3059
17445,2970,3003,3072
2970,3003
17468,17470,25,2966,2977,3017,3068
2967,2970,3017,3114
17416,17445,17468,17470,2967,2970,3017,3114
17416,17445,17468,17470,2967,2970,3017,3114
17416,17445,17468,17470,2967,2970,3017,3114
17416,17445,17468,17470,2967,2970,3017,3114
17416,17445,17468,17470,2967,2970,3017,3114
17445,17496,2970,3053,3125
17416,17437,2934,2967,3068
17437,17443
10300,171188,17468,17470,17496
17468,17470,2977,3003,3017,3068,3122
17416,2967,3003,3064
28,2966,2967,3003,3064
28,2966,2967,3003,3064
17416,2967,3003,3064
17,17496,20,2977,3045,3153
28,2966,2967,3003,3064
28,2966,2967,3003,3064
28,2966,2967,3003,3064
28,2966,2967,3003,3064
17,2970,3017,3114
17416,2967,3003,3016,3064
28,2966,2967,3003,3064
17468
2753,2787,2970
1288264011,1294449011,2787,2970,3061,3123,3150
2967,2970,3017,3061
1288264011,1294449011,1297808011,1297818011,2787,2966,3003,3061
17,17416,17445,17468,17470,2967,2970,3017,3114
17,2967,2970,3017,3114
1288264011,1294449011,1297808011,1297818011,17,2967,2970,3017,3064,3114
17,17416,17445,17468,17470,2967,2970,3017,3064,3114
10129,2967,2970,3017,3114,332928011
17,17416,17445,17468,17470,2967,2970,3017,3114
17,2967,2970,3017,3114
2967,2970,3017,3114
16190,17,17416,17468,17470
17443
17496,3003,3153,4465
17456,17496,3003,4465
17496,3011,3053,3068,3122
17456,17496,3003,3053,3122
16190,17,17468,17470,3003,3017
16190,17,17468
10132,10177
13354,17
10132,10177
13596,13603,13617,16252731,197501011,4896
10495,10497,16272,17
10177,13371
10177,10480,10495
10399,1288264011,1294449011,1297808011,16197,2970,3017,3113,720360
10173,17
18,720360
17
10457,720360
10132,10399
1099204,13509,14452,2426
10399
10132,10399
10132,10300,10399
10132
10132,10399
10132,720360
10132,10399
10132,10399
10132,10399
10300,49
12015,17029,2330,3048891,4853
10132,4465
10129,10132,10307,9822
11019,4,4456,4948
17
10132,10163
10132,49
12015,17029,4948
10132,16190,17445,17468,17470,2970,3017
10132
10132,10399
10132,11232,9955
10132
17,4456
11232,11970,4569
10132
17
14452,2,4456
10771,11079,11232,227562,4657,4853,5035
10132
10132
16190,16272,17
16190,16272,17
2,4456
10132,10300
10132,4456,4465
10132,10163
10132
2330,3048891,9928
10132,10399,4465,524198
16197,17,3017
2717,4736
10132,10163,10399
10457,17
10129,10132,10207,10399,9882
10132,10177,10399
10132,10399
2330,2445
10132,10399,16261001
10016,10132,10399
10132,10399
10248,10425
10132,10399
10129,10399,16004661,4465
11019,4456
10129,10132,10177
10132
10129,10132,4465,542666
2445,28,2924,3048891,4941,69281
10480,17
10163
10480,17
10132,4465
10132,10491,171129
10132,10491,10495
10129,12331,12489,542656
12489,9822
10132
12489,17
11934,13602,173515,2426,9
10132
10480,17
12489
2368
10132
10248,10399
12331,17
17
11232,11325,11401
10129,23
17
10129,16004661,4465,468236,542666
15812191,2371,2376,2399,4456,4948
10132
13443,2376,2398,2426,465220,5035
13356,16190,17
10163,4465,720360
10132,9822
10132
16327,2446
17
10177
10129,10132
2445,3048891
10132
13354,4465
2970,3003,3017
17468,17470
17443
17437,2926,3100
4
2967,2970
2926,2970
2970
17445,2970,3068
2967,2970,3017
10129,2970
25,2970,3017
17445,2970,3016
10132,10177,10399,11232,9882
10132,10399
10132,10300,10399,11232
10108,11019,16261001,171225,524198
10132,10399
10132,10399,17445
10132,10399
10132,10399,16261001
10132,10399
10132,10399
10132
10132
10132
10132,10457
10132,10399
10132,10399,49
10132,10399
10132,10399
10132,10399,10433
10132,10399
11019,11079,11232,16261051,22
10132,10248,10399
10132,10399,10491
10132,2162
10132,10399,2160
10132,10399,2160
10399
10399,468236
10399
10399
10399
10129,10132,10399,10495,49
17,2970
10129,13371,4497
4465,4497
4465
3035701,4836,4854
17
2970,3003,3017,3045
17445,17468,17470,2970,3003,3017
2967,2970,3017
2970,3003,3017,3053
17496
10132,1288264011,1294449011,1297818011
4465
10129,10163
10163
10132
10132,10399
10163,10480,1288264011,1294449011,4465
12489,4465,863256
10177
13603,13615,14538,4232,4877,5035
10132,10484
10132,10480,16195
10132,10177
11232,3048891,4402
10177,68180
1064,1090,1873,465220,4981
10132,13354
10480,16195,17
10132,10399
10132,10163,4497
17468,17470
10132,10399,10433,13371
17
10132,9822
10132,10431
10169,9822
1104,1859,4390,4456,9966
17
10169,10173,10177,1288264011,1294449011,1297818011
10090,10129,10132,10177
10132,18,720360,9822
10470,12498
28,2956
28,2966,3011,3026,3053,3068,3094,3261
25,2967,3017
3003
2787,2967
10470,12498
10132,10177
17
17
10457,10495,17
9822
10470,17
10129,9822
10169,10173,10177
10132,10431
10132,10491
17
17,2970,2977
10163,20
11019,16261081,17,17445,17468,2970,3122
10132,10484,720360
10132,10163,10399,2970,4497
10132,10177
10129,13434,16190,542656,9822
16004541,4465
17
2330,2445
17
17,2970,2977,3122
10132,10399,10491
17443,21,22,5045,9966
10016,10132,10399
10108,10207,11232,11332,11344
10300
10016,10399,49
10132,10399
10399,13371,468236,746228
10132,10399
10016,10399,2159,491408
10016,11488,11548,11602,11773,2330,4948,9988
11981,11996,12053,170945,227677,491394,684288011
10399,11232,12761,9823
16190,17
10605,172763,2432,3048891
2787,2967,3011
2977
12333,12809,863256
12333,12449,172809,172810
12333,12449
10480,10491,10495,9822
10480,17
11344,2330,4456,9928
10129,10132,9822
2423,3048891,886130
17236,17255,2099,5102
10177
5045,886130
10177
10457,17
10132,4465
10177
10177,9822
10163
10177
68180,9822
17037,4465
10480,17
10163
10177
10177,1288264011,1294449011
5072
10177
10177,68180
10177,10197
13371,17
10480,17
10177,10495,9822
10480,17
10132
11005,11079,11232,15812761,173495,4794
10491,17
10480,13354,17
10493,10497,17
10132
10480,17
10480,17
10480,4465
2330,3048891
16954,16970,4456
10132
4465
10480,17
10132,10177,4465,720360
16004711,2330,300960,3048891,9928
13354,4465,9822
17
12489,17
10480,4465
2328,2344,4484
17
10495,17
23,4465
10132
10480,4465
17029
9926
9822
10090,10177,10399,23,3558939011,4497
10493,17
10132,9928
10132
10132
10132,9822
2330,3048891
11370,11381,160223011,2330,2440,2445,292220,300960,3048891
2330,3048891
16197
16197,17
16190,9814
10137,16193,16197
16190,17
16197,16201,17
16190,49
16195,17
5043
10480,10491,10495,17
10132,13354
11232,11325,2365,2445,4497
11005,11320
10132,13354
10468,10482,17
171225,227719,2423,5043
10457,10482,17
10491,10495,4497
10482,17
10177,720360
10457,10482,10484,17
10461,17
10177,720360
10457,17
10495,17
10163
10491,16195,17
10457,10482,17
13474,2423,290061,3048971,5043
10480,17
13474,2423,290061,886130
10457,13354,13389,4465
10480,17
10177,10470
10495,17
13354,4465
10480,17
10493,17
10457,10489,10495,271586011
13354,4465
10480,17
16272,17
13389,17
10493,17
10491,17
10495,13354,17
10461,1288264011,1294449011,1297808011,17
10482,10484,17
10457,10482,1288264011,1294449011,17
13356,16399311,17
13354,13356,16190,16399311,17
10480,17
10480,13354,17
10493,10495,17
10129,10195,10493
10493,17
10484,17
10457,10495,17
10457,10495,17,23
10129,10480,13389,4465
10457,10495,17,23
10457,13389,17
13354,17
10457,10495,17
10461,17
13354,17
13354,17
13354,13389,4465
10480,720360
13354,13356,16195,16399311,17
13354,13356,16195,16399311,17
10493,10497,720360
10480,17
10480,17
10457,10484,17
17
10480,17
10480,17
13354,13356,16195,16399311,49
10163
10493,10497,17
4456,5045,9928
10132
11322,2445,3048891,4685
1064,4375,4390,4456
1064,4375,4456
4375,4456
1064,4375,4456
17,4375,4456
4375,4390,4456
1064,4456
1064,4390,4456
1064,4375,4456
17,4375,4390,4456
4456
5045
10457,10484,17
10457,10495,17
10468,12599
10495,9822
10468,10484,17
10468,10482,10495,17
10132,10491
10132
10132
10605,11119,11232,226685,282908,4683
10132
11058281,4601
4601
10493,17
10132
10132,10177
17
11079,11119,11232,2553,266117,2699,2702
11119,11232,266117,2699,2702
10132
11232,1288264011,1294449011,1297808011,2376,2397,2418,4798,917018
17
10457,10495,17
10132
10177,10495
10482,10484,17
10495,16272,17,17470
10480,10484,17
5049,886526
10480,10484,9822
10132,10491,1288264011,1294449011,1297808011,1297818011,9822
10177,1288264011,1294449011,1297818011,23
10480,10491,10495,12498,17
10457,10482,10487,10495,17
10480,10484,17
10482,10495,17
10482,10495,17
10482,10491,10495,17
10482,10491,10495,17
10457,10484,17470,271586011
10457,10482,10484,17
10482,10491,10495,9822
10457,10491,1288264011,1294449011,1297818011,17
13354,17
10132,10177
17
10177,10491
10399,1288264011,1294449011,1297808011
10399,17445
10300,10399
10300,10399
10108,1288264011,1294449011,4456
16004731,3,4456,468220
2,4456
10132,10457
10,11401
10300,4456,4465,524198
4456,4465
16004731,2,4456
10132,10457,10491
10132,10177,10532,16606
10177,23,9822
10491,17,23
10132,10491,23
10177
10457,10491,17
10132
9822
10132
10132,10491,468236,9822
11119,2,4746
10177
17
17496
17496
10399,4465
11079,11232,2395,2397,916982,916994
10491,1288264011,1294449011,1297605011,1297808011,1297818011,17,23
10491,10495,17
16272,17,4456
16272,17,4456
12015,16261081,17,468236
17,468236
10457,10495,17
4465,468236
25
25
25
1000
1000
16272,17
25
1000
16272,17
25
10399,16197
16190,17
10457,10493,10495,17
16190,16273,17,271585011
16190,17
16190,17
16190,17
10132,10141,10491,23
16273,17,271585011
16205,16272,17
16272,17
16272,17
16190,17
4877,4919,4989,5035
16272,17
1288264011,1294449011,16273,17,271585011
10132
10132,10177,720360
10493,17
16190,17
10300,16190,16273
10163,13354,13371
10132,18,49
16197,17,17468
16272,17
10169,16195
16272,17
16190,16273,17,271585011
16190,16273,17,271585011
16197,16205,17
16197,17
16197,16205,17
1064,4375,4456
16272,17
16190,16272,17
16197,16272,17
11401,16197,16272,17,226688
16273,17,271585011
10132,10163,10491,4497
16272,17
10399,16197,16201
16190,16273,17,271585011
10132,10163,10491,4465
16273,17,271585011
10132,10163,10491
16273,16286,17
16273,17,271585011
10132,10141,10177,18,49
16190,16273,17,17416,17468,17470,271585011,4
16197,16205,17
16197,16205,17
16190,16272,17,17468,17470,3017
16197,17
16197,17
16197,16205,17
16190,16273,17,271585011
10300,16308,49
10491,16190,49
10163,10177,17416,17437,720360
16197,17
16197,17
16190,16273,17,271585011
10132,10399,16197
10399,16197
10399,16195,16197
10132,10399,16197
16272,17
16273,17,271585011
17
10399,16190,16273
13529,14505,14507,171225,290062
10132,10163,10177,10491
16197,16272,17
10468,10480,17
16197,17
16273,17,271585011
16197,16201,4497
10132,10177,10195,4868
16197,17
16197,49
1288264011,1294449011,1297818011,16197,17
16273,4497
10139,10177,1288264011,1294449011,1297808011,16197,16201
16197,16205,17
10550,11232,12522,2366,2376,2397,2398,917024
10300,16190,49
10132,10163,10491,16190,49
16197,17
10497,16272,4497,720360
10177,10497
10491,10497,16286,17
16197,17
16197,17
16197,16272,17
10480,10495,17
16197,16272,17
16273,17,271585011
16197,17
10163,10177,10491,16190,49
16190,17
11232,12689,12783,12809
10132,10163,10491
17
16190,16273,17,271585011
16197,17
10177,10470,10495,10497,720360
10129,10132,10134,10491
10132,10491,16195
10129,10132,10163,10491,542656
16190,16272,17
10163,10491,16190,49
10179,16272,720360
10132,10177,10495,16273,49
16197,16272,17
16190,16273,17,271585011
16273,17
16190,16273,17,271585011
16273,16277,16308,17,271585011
10480,10495,17
16190,16273,17,271585011
16190,17
16197,17
10491,16190,49
10484,16272,4497
10132
13529,14454,14507,290064,764418
11119,11970,4732
16197,16272,17
10461,10495,17
10132,16197
10482,10484,17
12251,16197,17
16190,49
10495,16272,17
10495,720360
10457,17
10132,10491,16273,4497,720360
10482,10495,10497,720360
16190,17
10129,10487,10495,720360
10480,4465
16190,17
10132,10177,4982,720360
10132,10163,10410,10491
10300,49
10495,49
10457,10491,10495,17
10491,10495,17
10163,10177,16190,18,49
12333,12771,12783,12785
10129,10163,10491,16190,9814,9817
16272,17
10484,49
10487,10491,10495,720360
16197,16205,17
16197,16205,17
10461,10495,17
10132,10163,10491,4497
16190,17
16190,16272,17
10487,10495,17
10132,10491,720360
10163,10491,16190,49
10491,16190,720360
10129,10137,10177,720360
10491,10495,720360
16190,16273,4465,720360
10491,16273,720360
16190,16273,720360
16190,16273,720360
11119,11401
10461,10495,17
10495,49
10163,10491,16190,49
10163,10491,16190,49
10129,10132,10163,10491
10489,10491,271586011,720360
10491,10495,720360
10129,10484,16273,720360
10132,10163,10491
16197,17,4
11010,11232,11320,2330,2437
10163,10491,16201,49
16273,4497
10300,10487,10491,10493,720360
10495,17
10482,10487,10491,10495,171129,720360
10487,10495,171129
11119,11401,11763,12676,4732,4745
10129,10177,10195,4868,720360
10457,10487,10495,17
10132,49
12697,13640,13871,14603
10163,10491,16190,49
10,11232,11325,12599,12671,12689,16009861
10300,10489,10493,10495,16308,271586011
10177,10399,16273,17445,17470,271585011,4456
10177,10311,10491,1288264011,1294449011,3558938011,3558939011,720360
10457,13371,17
10493,10495,17
16190,17,17416,17468,17470
16190,17,17416,17468,17470
16190,17,17416,17468,17470
10457,10491,10495,720360
10491,10495,17
10482,10495,17
10129,10457
10457,10491,17
10177,12599,720360
16197,16201,17
10495,10497,16273,17
10132,10163,10491
10132,10163,10491,1288264011,1294449011
16201,17
16273,720360
13354,16190,16273,17,271585011
4456
10491,17
16197,16205,17,18
10457,10489,10493,10495,271586011
10491,16190,49,720360
49
10132,49
10177,10195
16197,17
16195,16197,17
10108,11232,11325,2330,9928,9988
17,2542,2553,2636,2711,2732,2735,2745,917052
10132,10163,10491
10495,17
10132,10163,10491
16190,49
16190,49
16190,16399311,49
10132,16195,16201,49,720360
16195,16201,49,720360
10132
16190,16273,17,271585011
16195,16197,17
10132,10163,10491
10163,10491,16190,49
10132,10177
10457,10491,10495,17
10495,17
13495,16613,2,21,2446,5061,764418
10132,10177,10495
16273,16286,271585011,4497
10493,171129
10129,13356,16201,720360
10457,10482,17
10461,10482,17
11232,1288264011,1294449011,1297808011,14273021,2366,2395,4854,5035
10163,10457,10495
10491,4497
10300,4456
10495,49
10495,49
10132,10163,10436,10491
10468,10495,720360
10480,10482,10495,17
10495,17
16272,17
16272,17
10132
49
2376,2399,2445,9
17
17
16272
16190,18,49
10132
10489,10493,10495,271586011
10177,10484
10129,10132,10163,10491,23,9822
23,4465
17
10177,10491
10177,10461,10470
10461,10470,17
2344,2365,2445,4456
2344,2365,2445,4456
13371,17,271584011
17,468236
16190,17
10132,49
17
4465
17,4456
4465
10132
13356,16190,9803
49
16190,18,49
10132,10163,9822
17
10163,9822
10132,10482
10132,10491
10495,17,23
10457,10489,10495,271586011
10457,10489,10495,1288264011,1294449011,1297808011,271586011
10457,10489,10491,10495,271586011
16273,4497
10132
10484,171129
10132
10132,10495
10132,10495
10132,10495
10129,10457,10495
10132
10457,10491,17
10457,10491,10495,17
10457,10491,10495,17
10457,10491,10495,17
10491,10495,17
10132,10491
23,4465
10491,10495,17,23
10457,10495,17,23
10491,10495,17,23
1288264011,1294449011,16273,271585011,4465
10495,17
13354,17
2445,300961,3048891,67655
17
10480,10489,10495,17
10132
16190,16273,16286,17
17
16190,16272,4465
16567,16602,4861
17
17
13354,17
13354,17
13354,17
13354,17
13354,17
13354,17
17,23
17,23
13354,17
10300,13354
13354,17
13354,17
13354,17
13354,17
13354,17
13354,17
13354,17
13354,17
13354,17
13354,17
10132,13354
10132
17,23
13354,17
17,23
17,23
17,23
17,23
13354,17
17,23
13354,17
13354,17
13354,17
13354,17
13354,17
17,22,23
13354,17
13354,17
10129,13354,542656,542664
13354,17
17,23
17,23
13354,17
13354,17
13354,17
13354,17
13354,17
13354,17
13354,17
13354,17
13354,13371,17
13354,17
13354,17
10129,13354
13354,17
13354,17
13354,17
13354,17
13354,17
10300,13354
13354,17
13354,17
13354,17,746228
13354,17
13354,17
13354,17
13354,17
13354,17
13354,17
13354,17
10457,12599,13356,16190,720360
13371,17
13354,17
13354,17
13354,13371,17
13354,13371,17,746228
13354,17
13354,17
13354,17
13371,17
10129,10495,13354
17
10132,9822
10163,9822
10108,9988
10132,9822
10132
10457,10487,17
10132,10487,171129
10457,10487,17
17416,17496,2967,3003,3016,3153,3160
2753,2970,3017,3125,465600
11232,1288264011,1294449011,265542,271608011
10108,9988
10132
16201,49
49
10129,10132,9822
10129,4456,542666
10132,10163,9822
10132,12489,9822
10132,10177
9822
10132,10457,4465,9822
10132
49
12489,17
10132,10491
10457,10482,17
10132
10132,10177,21
10129,13354,9822
10163,10457,10487,10495
10,17
10177
10132,10300,9822
10132,10169,10491
10480,3559170011,4465
10480,17
2445,3048891,4390,4995
10132,10169,10491
10132,9822
9822
10132
2395,2397,465244
2445,4230
4861,5031,5035
9822
16567,16602,4861
2377,2399,2445,4948
10457,17
11119,11232,11325,491458,491478,491490
9966
23,4465,9822
10457,10495,25,49
4739
11325,16009811,2330,2365,2445
17
9822
10129,10132
11019,2575,4744,4745
11232,2376,2445,300960,3048891,4807
13871,226688,5027,747400
10177,10195,9822
2437,282818,4736
10132,11232
10132
10132,10399
10132,1288264011,1294449011
17
10132
10132
10300
12015,15812761,17029,2445,300961,3048891,4781,4853
10132,49
10132,10177
10132,10491
10088,10129,10132,16004661,4465
10132
10132,10300
10129,16004731,16004751,23,4465,542656,542666
10132,16903,542656,9822
10132
10132,4497
16275,17
10132,10163
10132,12489
10132
10132
10132,10487,1288264011,1294449011,1297818011,271586011
10132,10412
13449,14567
1288264011,1294449011,1297808011,13598,13617,13625,14484,16053161,4861
10129,10132
17003,17029
10088,10129,10132,1288264011,1294449011
10132,9822
10,4465
10132
10132,10457,10491,171129
10132
10132,10177
10132,10457
16973,17029,2445,3048891,4733
11320,11322,271635011,4854,4861
172763,2330,3048891
10132,10177,10470,10495
10132,10300
10132
10491,1288264011,1294449011,1297818011,17
10132
10132
10457,10495,9822
10399,10491,10495
11325,2154,2160,2162,491392,491406,491458
11079,11232,2397,2418,917034
11232,1288264011,1294449011,16940,172763,3048891
2083,2329,2445
2330,2376,300960,3048891,4807
17
10108,2,4456
2445,3048891,4456
3003,3019,3372
17496
17468,25
17416,17468,17470,2967,3017
12331,12489,17,271584011,332930011
10132,10399,10491
2787,2970,3017,3372
10399,16190,17445
171115,17207,300961,4484,4840,68142,864488
16272,17
17418,17496
13371,17
10129,10399
10399
10132,10399
2162
10132
16197,16272,17
10132
10163,10177,13371
10129
13371,17
13371,17
17
4
13354,13371,17
11436,17496,3123
17445,17496,2970
10177
2967,2970,3017,3099,3372
12597,20,4736
17
10457,17
17445,2970,3016
3003
12489,271584011
10457,17
10177,13371
2967,2970,3017,3372
10457,10482,10495,17
12689
10177,13371
16197,16201,17
10195,16273,16286
17
12599,16197,16201
2787,3003,3153
2966,3003,3061,3064
2787,2967,2970,3003
2966,3003,3061,3064
2787,2967,2970,3003
2966,3003,3064,3098
2970,3003,3064
10480,10489,271586011
2787,2966,2967,3017
2328,2344,2347,2444
10491,13389,17
16917,17029,4456
11970,4456
17416,17437,17496,2926,2967,3068,3150
16197,17,17416,17468,17470
11970,4456
10177
10468,17
10480,10482,10495,17
10480,10489,271586011
10480,10489,10495,271586011
16193,16201,17
10468,10482,17
17437,17443,17465
11079,11232,11314,11332,2445
10461,16190,17
10457,17
10129,10468
10480,17
10132,10163
10132
10480,17
10480,10495,17
28,3003
10480,10482,17
10457,10482,17
12599,720360
2967,2970,3011,3017,3372
13371,17
13371,17,746228
10480,10495,17
10480,17
10468,17
10457,10482,17
10457,10482,17
10457,10482,17
10468,17
10468,10495,17
10132
4615
16950,17029,4456
10495,13354,13356,16399311,4465,49
10491,10495,17
10480,17
10480,17
11401,2329,4456
10129,10487
10132,10399,16190,16272,49
10129,10132,9822
10132,10491
10132
16190,4465
17496,3045,4465
10457,10482,10495,17
10457,10482,10495,17
11370,2330,2445,282908,4687
10457,10491,17
10129,10177,10457,10484,9822
10132,10177
17458,17468,17470
10457,10482,17
10457,10482,3559170011
10457,17
13371,17
13371,17
13371,17
10468,10482,17
16190,17
16190,17
16190,17
13371,17
13371,17
13371,17
13354,13356,13371,17
13371,17
13371,17
28,3003
13371,17,746228
13371,17,746228
13371,17
13371,17,746228
13371,17
13371,17
13371,17
13354,13371,17
13371,17
16205,17
16190,17
16190,17
25,49
13371,17
13371,17
13371,17
13371,17
13371,13434,17
13371,17,271584011
10480,17
10480,10482,10495,17
10480,10482,17
10457,10482,17
13354,13371,17
13354,17,276240011
13371,17
13356,13371,17
16190,17
16190,17
10495,13354,13389,17
13371,17
13371,17
13354,13371,17
10480,17
10132,10399,23
12599,16193,16201
13371,17
13371,17,746228
10480,17
10480,17
13354,17
13354,17
10480,17
16193,17
10132,10177,10493,10497,16286
10468,10480,17
16195,49
10132,16195
13371,16190,16308,17
16190,17
10484,13354,13389,17
10495,13354,13389,17
13354,13371,17
13354,13371,17
10480,10482,16273,17
13371,17
10480,10482,17
10480,10482,17
10132,16190,4465
13371,17,746228
10480,17
13354,17
13354,17
10132,4465,542666
4465
23,4465
10177,10195,10495
10177,4465
13371,17
10177,10461,10470,10480
10129,10132,10163,9822
13371,17,746228
10480,17
13371,17,746228
13371,17
10470,10480,17
10132,16201,720360
10480,10482,10495,17
1288264011,1294449011,1297808011,13371,17,746228
10457,17
10480,17
17,25,2966,3017,3018
13371,17
13354,17
13354,17
13371,17
10480,17
13371,17
13371,17
13371,17
13371,17,746228
12489,1288264011,1294449011,4465,49
17496,3003,3011,3053,3122
13354,17,2329
4456,4484,4569
13371,17
13356,13371,9822
13371,17
13371,17,746228
13371,17,746228
17,23
14631,3756
10132,4465,720360
16190,17
16272,17
10177,10461,10470,10480
10417
10457,10482,17
13371,17
13371,17
10132,16190
13371,17,746228
13371,17,746228
17
10495,13354,17
10457,10495,13354,17
13371,17,746228
13354,17
13354,17
12489,9822
13354,17
23,4465
13354,17
13354,17
13354,17
13371,17,746228
13371,17
13371,17,746228
13371,17
10482,10484,17
10129,10132,10177,10311,10495,9822
10177
13371,17
13371,17,271584011
17,17445,17496,3003,3150
13371,17
13371,17
13371,17
13371,17
13371,17
17441,49
13371,17
10132,10177,10493,10497,16286
4456
16195,17
10480,10482,17
10132,16190,4465,9822
10457,10495,17
10480,10495,17
12577,12783,12785,12809,172810
17,25,2966,3017,3018
10132,10177,12489,4465,49
4465
10177,10461,10470,10480,10495
10484,49
49
10484,49
11378,11401,16004731,4456
11019,11232,12599,1288264011,1294449011,1297818011,22
468216,75
17
10179
11344,9823
10132,10163,10177,1288264011,1294449011,271601011
11232
17
4497
10480,10491,10495,49
10457,17
17
10177,13371,13434,16190
13354,17
10177,13354,13371
10177,13371,13434,9822
17
17
10129,10177,4465,542666
13354,13371,17
10468,10480,17
10480,10495,17
10129,10132,10491,10495,720360
17
16004731,4456,4861
10300,12393
10436,10457
17
10177,13434
13354,17
10163,13354,3559170011
10129,10132,290062,9822
10163,10177,13354
10132,542656
10132
10132,13354
10132,13354
4497,468236,9822
13354,17
10457,10491,10495,17
17
17
9822
10011,10207,1288264011,1294449011,13434,16004711,9928
13354,17
17029,2426,2427,917104
13354,17
10129,10163,542656,9822
17
10129,10399,16272,4456,4465
16272,17
10491,17,23
10132,25,4456,468236
10177
17
13354,17
13354,17
13354,17
10,13354,4465
10163,13354,13389,49
10457,10495,17
10129,10495
10132,10300,1288264011,1294449011,1297818011
10132,4465
13354,4465
10177,13371,13434
13371,13434,17
13354,4465
10491,10495,17
10457,10491,10495,17
13354,17
13354,17
10132
10129,4465,542666
10495,17
10491,17
13354,4465,4497
10132,10491,10495
10177,10470
10132
13356,13371,16190,17
10163
10487,9822
465214,4877
465214,4877
11019,11232,12599,12689,12783,12807,1288264011,1294449011,1297808011,297517
11902,4456
10441,4229
10129,10177,21,23,4229,542656
10457,10487,10495,720360
10487,10493,10495,9822
10487,10495,17
10457,10487,10495,9822
10165,10767,11232,11332
11325,2376,2445,4891
10487,10495,17
10487,10491,10495,9822
10487,10495,17
17
10132,10313,1288264011,1294449011
11232,2,227203,75
10177,10495
10132
11232,11325,12522
13640,227203,227569,4656
11970,12015,1288264011,1294449011,1297808011,491394,491558,684288011
2394,2445,28,4968,5035,916612,917136
9822
10300
11325
10605,11019,11232,12809,1288264011,1294449011,1297818011,2421,2444,3048891,4729
17029,17228,2436,300961
10129,10132,1288264011,1294449011,9822
10177,10495
10132,16272
10457,10487,17
17
17
10132
17
16815,17029,17207,17209,2446,68142
10487,10495,17
10132,10491
10132,10399
2437,2446,68142
11970,13871,355571011,3573,3632,3875,468204,468216,491462,5015,684270011
4908,5020,5022,5031
12809,16009861,17,2330,2398,2445
10132,10300
10132
10177,886086,9822
10457,10487,10495,171129
10132
11325,4672,491458,491704,720874
10491,17
10132,9822
10132,12489,468236
10129,10132,10495,9822
10132,9822
10177
10487,10495,17
16272,17
10132,10491
10484,1288264011,1294449011,1297818011,17
10468,17
49
4465,9822
171129
10495,17
10487,10495,16190,17
4465
10129,16004731,4465,542666
10132
10491,10495,9822
11320,11322,12430,4861
10487,10495,17
10495,1288264011,1294449011,1297818011,301912
10132
12015,16732,17029
10132
10132
10491,17
10132
10132
10449
9822
10132,10491
16272,17
10129,10132,10491
49
10132
10132
171188,17496,3068,3153
17496,3153
17496,3153
13617,14278871,14519,16053161,16659,2,2446,27
10132,10177,886086,9822
10132,9822
11232,11320,2,271635011
13871,226688,227203,684289011,689737011,689742011
10177,10179
10177
10177,10399
10016,10132,10399,16272
17
10,16311091,226688,491702
10300,13354
2426,917100
11232,13824,468230,4877,491448,491454,491702
9822
10248,22
10132,49
18,49
10132
10177,10470,10495
16004731,3,4456
10132,49
10132
4456,9822
10503,11019,12809,4456
12015,1288264011,1294449011,16940,17029,2,4952
13354,17
22,4456
16190,49
10484,16272,720360
10132,10399
10399
10132
11232,12599,297517,2995
10132,10177,10493
1,1288264011,1294449011,1297808011,2394,2966,3048891,4390,5031,5035,916612
4456
10468,10470,16004711
2804,2970,3003
2787,2966,3003
17445,17468,2753,2787,2970,3003
2970,3003,3059
2787,2967,2970,3003,3056,3061
2787,2970,3284
21,2373792011,2966,2970,3003,3176
2753,3003
2787,3003
17445,17468,17496,2970,3150
2753,3003
2967,2970,3003,3017
1288264011,1294449011,1297808011,2970,3263,3270
1000
13371,17,17437,17458,2967,3016
2753,2970
2787,3003
2966,3003
14631,2787,3003,3207
15356751,2787,2967,2970,3017
17416,17458,17468
2787,2970,3003
10399
10399,16197,17445,17468,17470,3017
2970,3249,3284
10132
13499,5049
14452
10399,4,9882
17
10132,10307,9822
10132,9822
10,11232
2970,3045,3068
49,9822
10195,10497,171129,9822
10195,10493,10495,10497
49
10195,10493,10495,10497
10132,10163
10195,10493,10495,10497
9822
10195,10493,10495,10497
10484,16272,17
10484,49
10457,720360
10195,10493,10495,10497
10491,17
10195,10497,171129
10482,10491,17
16205,17
10464,10495,17
10489,10491,10495,271586011
10129,12489,9822
10163,49
16286,9822
10482,10491,10495,17
10480,10489,10495,271586011
10457,10495,17
10457,10495,17
10480,10482,10495,17
1288264011,1294449011,282861,4615
12673,12689,12809
10480,10489,10495,271586011
10457,10482,10491,10495,17
10195,10497,171129,720360
10480,10482,10489,10495,17
10464,17
1288264011,1294449011,1297808011,2558,2571,2637,4745,4747,4749
10129,10480,10482,10484,9822
10489,10495,271586011
10129,10482,720360,9822
10132,10300
10480,10484,17
10487,10495,17
10195,10493
10457,13354,4465,720360,9822
10464,10495,17
10493,16273,720360
13354,17
10495,17
10489,10495,271586011
16544,171141,2444,2446,3048891
10129,10495,9822
10480,10489,10495,271586011
10491,17
10495,17
10457,10495,17
10464,17
10457,10487,10495,17
10129,10464
10457,17
13354,13389,17
10480,17
10482,10484,17
10457,10495,17
10132,10482
10132
10491,17
10457,10495,13354,17
10129,23,720360
10457,10491,17
10132,10457,10484
10129,10132,10457
10195,10493,10495,171129
10489,10495,171129,271586011
10132,10457,10495
10132,10457,10491
10480,17
4465
11007,11320,11322,2438,4948
10132,10491,10495
10491,10495,13354,17
10464,17
10300
10480,17
10457,10495,720360
10457,10484,17
10457,10484,17
10495,17,23
10480,10493,17
10457,10482,10495,17
10495,17
10129,10195,10493,720360
172763,21,2445,9928,9988
10480,10495,17
10468,10482,10495,17
10457,10489,10495,271586011
10480,10495,17
10464,10495,17
10457,10487,17
10480,10495,17
10468,10495,17
10480,10495,17
10132,10207,9988
2328,2344,2445,275301011,3048891
10129,10468,10484
10457,10493,10495,17
10480,17
10399,10491
11119,4736
17041,2330
10248,28,4456
25
271585011
1000
4497
25,49
10493,10495,10497,17
10179,10457
49
10132,10399
16272,17
10495,49
11378,11401,4456
10461,17
173514,2545,2683,2685
10495,49
49
10461,17
10495,49
10495,16272,49
10497,171129
10495,49
17
49,9928
49
10495,25,49
10129,10484,271586011
10495,49
10461,17
10493,10495,10497,720360
10484,271586011
4497
49
10457,10484,17
10493,10495,10497,17
17
10129,13354
49
10484,271586011
10129,10484,49
10495,49
10493,10495,10497,4497
10495,49
10482,10493,10495,17
10129,10495
10493,10495,10497,720360
49
10484,271586011
10482,10495,17
10495,49
49
10461,17
10461,17
25,4465
10461,17
49
10489,10495,271586011
10482,10495,17
10495,49
10495,10497,17
10493,10495,10497,17
4497
10493,10495,17
10129,10495,49
10457,10495,17
10484,271586011
10495,49
10129,10495,13389,9822
10457,10495,17
10493,17
10491,49
10480,17
10482,10491,10495,17
10495,49
10457,10495,17
10493,10495,17
10457,17
10495,10497,4497
49
10457,10495,17
10457,17
10489,271586011
10482,10495,17
10491,17
10493,4497,720360
10491,10495,49
10129,10457,10495
10497,171129
10480,10495,271586011
10480,10482,13356,13389,17
10493,10495,720360
10480,10482,10495,13389,17,468236
10457,17
10489,10495,1288264011,1294449011,1297605011,271586011
10493,720360
10177
17
10482,10495,17
10468,10495,17
10480,10482,13389,17,468236
49
10480,10495,271586011
10489,10491,10495,271586011
10195,10484,271586011
10480,10482,13389,17
10484,271586011
10493,10495,17
10489,10495,271586011
10129,10497,720360
10468,10495,17
10482,10495,17
10480,10482,13389,17,468236
49
10480,10489,10495,271586011
10195,10493
16286,17
10480,17
10129,10132
10480,10482,13389,17
10129,10457,10482,10495
10489,10495,271586011
10457,10497,720360
10484,49
10163,12500
10468,10495,17
10195,10493,720360
10457,10491,10495,17
10480,10495,271586011
10480,10482,10495,13354,13356,13389,17
10457,10482,10484,17
10132,16275
10493,720360
10461,17
10489,271586011
12634,12689,12809,2
17
10461,10470,17
10480,17
10480,10482,10495,13389,17
10129,10468,10480,10482,10495
10457,10482,10491,10495,17
16205,4497,468236
17,23
10457,10495,17
10179,10497,720360
13356,13371,13434,17
10497,720360
10480,10482,10495,13356,13389,9822
10480,17
10480,10482,10495,17
10484,271586011
10480,10482,10495,13389,17
10461,10495,17,468236
10461,17
10468,10495,17
10482,10493,10495,17
10163,10300
10493,720360
10480,17
10480,10489,10495,17
10480,10482,10484,17
10480,10482,10495,13389,17
10132,10491
10468,10480,10495,17
10493,1288264011,1294449011,1297818011,720360
10495,16272,17
4465,720360
2717,4465
10480,10482,13354,13389,17
10457,10495,17
10480,10495,17
10480,17
10497,25,720360
10480,1288264011,1294449011,17
16544,171141,2444,2446
10457,17
10493,10495,17
10493,720360
10480,17
10480,10489,10495,271586011
10179,10493,720360
10495,49
10495,49
10495,49
10480,10482,13354,13389,17
16195,16399311,49
10480,17
10179,10493,10497,25,720360
10129,10489,10493,10495,271586011
10457,10495,17
10468,10482,10495,17
10480,10495,17
10300,13356
10129,10491,10495,3559170011,9822
10480,17
10480,10482,10495,13354,13389,17
10480,17
4497
10493,720360
10457,10484,1288264011,1294449011,17
10163
10493,720360
10480,10495,13389,17
13354,17
10457,10482,10495,17
10480,17
10163,10480
10480,17
16195,16399311,49
10480,10495,17
10495,49
10480,10482,10491,10495,13389,17
12827,13354,13389,17
10493,17
10495,17
10163,16195,16205,271587011
10493,10495,720360
10493,10495,171129,720360
10480,13354,13389,17
10300,10495,16190,49
10480,17
11320,11322,271635011,4948
4465,9822
10493,10495,17
10480,17
10163,10480
10495,49
13356,13434,17
13354,16004731,16399311,4465,49
10457,10495,17
10493,720360
17416,17468,17470,25,2967,3017
2967,3003
2966,2967,3003
3003,3017
17468,17470,3003,3017
17468,17470,17496,3017,3153
2956,3045,3098
2966,3017
3017
1288264011,1294449011,3003,3017
3017
15356791,17468,2966,3003,3017
15356791,2966,3017,465600
17416,17468,17496,2966,2967,3017,3064,3123
17468,17470,2966,3017
3011
15356791,2966,3003,3017
10461,17
2330,3048891,4733,4734
10491,17
10468,17
10399,16272,4465
13354,17
49
1000
10163,13354,13371,3559170011
13354,17
10461,17
17
10141,4497
13354,17
13354,17
17
10468,17
10132,468236
17
10461,17
22,4952
10177,10195
13354,17
17
10493,17,468236
1000
13354,17
13354,17
49
13354,17
13354,17
10163,21,2365,468214,468236,4808,684283011
13354,17
13354,17
10177,720360
16272,17
10132,10177,10399,16272
18,49
10491,10495,17
13354,17
10177
13354,17
13354,17
10491,17
1000
13354,17
10480,10495,17
13354,17
17
10163,13354
11986,17,4456
13354,13371,17
10132
10468,10480,1288264011,1294449011,1297808011,1297818011,17
10195,10399
10457,11322,17
10132,12809
13354,17
10129,271587011
10457,10491,10495,17
13354,17
17
16272,17468,17470,3017
10480,17
13354,17
13371,17
10468,10495,720360
10468,10480,17
17
10129,10487,4497
10487,10495,17
13354,17
17
10177,13371,13434
10177
18,49
10300
10177,13354
17
10468,10480,17
10487,10495,4497
10468,17
10487,10495,720360
13354,17
10468,17
49
10457,17
18,49
10177,13371,13434
10457,13354,13389,17
10457,13354,17
17
13371,17
13354,17
10177,10484
13354,13371,17
10457,17
13354,17
10177,1288264011,1294449011,13371,13434
10457,17
10459,10468,10480,9822
17468,17470,17496,3017,3163
17496,3045
2970,3017
2366,2395,2445
10457,17
10457,17
10487,4497
17496,3059
10487,10495,17
10480,10487,10495,17
10457,10487,17
10129,542656,542658
17
13354,13371,17
10487,17
13354,17
17
10487,10495,17
49
23,4497
18,49
10487,17
10457,10487,17
13354,17
10132,23
10132
13354,17
4456
10300,12393
10461,10495,17
10495,17
10129,13371,13434,16201,542656,9822
17,23
10132
10482,17
10480,10491,10495,49
10468,10480,10495,17
10457,10495,17
10480,10487,10495,17
10129,10480,10487,10495
10487,10495,17
10177,13354
13354,17
13354,17
13354,17
13354,17
13354,17
13354,17
10177,10484,13371,271586011
10163
10484,17
10457,10482,17
13354,17
10487,17
10480,10487,10495,17
10480,10487,10495,17
13371,17,746228
17
11232,226685,282908,4682
17
17441,17456,17468,17470
17416,2787,2966,2967
28,3017
2966,3153,3160
2358,2368,28,3045,9857
17468,17470,17496,2966,3017,3045,3139
13371,17
13371,17
10487,10495,17
17
10129,10177
10491,17,23
10495,17
10491,17
2395,2426
10132
17
10480,10487,10495,17
10487,10495,17
10482,10495,17
13371,13434,17
13356,13371,9822
13371,17,746228
10457,10487,10495,171129
10163,13354,3559170011
10457,10495,17
10163,13354,3559170011
10495,17
13354,17
13354,17
13354,17
13354,17
10495,9822
10491,10495,17
13371,13434,16190,17
17468,17470,17496,3017,3163
10495,17
13371,17
13371,17,746228
10487,10495,17
13371,17,746228
13354,17
10129,16272,18,4497,9822
13354,4465
10487,10495,17
13354,4465
10495,12015,301912
10163,10399,9823
10399,17445,17496,3125
17496,2966,3045,3068,3153
2934,2970,3139
2933,2970,3029,3153
17496,2966,3150
12689,28,3017
17445,17468,17470,25,2970,3003,3017
17445,17468,17470
17496,2966,3153
2787,2970,3123,3163
16190,17445,17468,17470,2970,3003,3017
17,17496,2966,3153,3160
10605,2787,2967,2970
17416,17468,17470,25
25,2967,3017
2966,3011
171188,2967,2970,3153
2966,3017
17416
17445,17496,2970,3064,3123
17445,17468,17470,2970,3017
17416,17445,17496,2970,3099,465600
3059,3163
17496,3003,3098
4
17416,17437
3064
3003,3064
17445,17468,17470,2970,3017
17437,17445,17496,2956,2970,3150,3153
17,17445,17468,17470,2970,3017
2576,4736
4456,4746
4456
10177
1000
2967,2970,3153
17468,17470,3017,3163
12689,17445,17468,17470,2970,3017
17445,17496,2966,3003,3150
17468,17470,17496
17445,17496,2970,3064,3094,3123
17496,3230
17416,17445,17496,2967,2970,3099
2966,3050
17,17445,17496,3149
17441,17443,17458,17496,3016,3018
17468,17470,3017
17418,17445,17470,17496,2970,3045
17496,2966,3017
17496,3064
17496,3125
17445,17496,3045,3153
2966,2970,3017,3351949011
17437,17445,17496,2956,2970,3150,3153
17445,17468,17470,2970,3017
16205,9822
16195,16399311,49
16273,17
16195,16399311,49
16195,16272,16399311,49
16190,16272,17,2849,2967,3017
16190,16272,4465
16273,17
16195,17
16195,16399311,49
16190,16272,17
16195,16399311,49
16190,16399311,276240011,49
16190,16272,17,17416,17468,17470
16190,49
16190,17,2787,2966,2967,3017
16190,17,17456,17468,23,2977
16190,17,17416,17468,17470,2787,2966,2967,3017
16273,17,271585011
16190,16272,720360
16190,17,17468,17470,2787,3017
16286,17
16195,16272,49
16195,16399311,18,49
16190,16272,4465
16190,17,3017
16195,16197,16399311,49
16201,17
10480,16195,16399311,49
16195
16190,17,3017
16272,17
16272,17
16273,16286,17,3
16190,16272,17
16272,17
16190,16272,17
16272,17
10457,16195,16399311,49
16272,17
16190,17,2970,3017
16272,17
16272,17
16286,17
16197,16201,17
16190,17,17416,17445,17468,2967,2970,2977
16272,17
16272,4465
16190,16273,17
16272,17
16273
16272,17
16272
16273,17
16190,16272,17
10461,10480,17
10470,10480,17
10480,17
4615,465686
10487,10495,17
10399,10487
10399,10487
10461,17
10457,17
10461,17
282910
10468,10484,17
10480,10493,10495,17
17,18
10777,2422
10468,17
10493,10495,17
13354,13389,17
10495,13354,13389,17
10480,17
17
13354,17
10480,17
10495,17
13371,17,271584011
13354,13371,17
10480,17
10480,17
10480,17
10493,171129
10493,171129
11119,2
10461,17
10487,10495,4497
13354,17
10132,10457,10487
13354,17
10457,10493,17
10177
10470,10480,17
10482,10493,10495,17
13354,17
13354,17
10132
10457,17
10480,17
10484,49
10480,17
10493,4497
10177,10399,468236
10132,10487
20,2569,4736,5345
10132,10300
17,468236
10132,9822
10177,10461,468236
10461,10482,17
10461,10482,17
10480,17
10457,10482,17
10177,9822
17
10129,9822
9822
10195,10457,10495
10129,9822
9822
10129,12689,271587011,297529,3,9822
271587011,9822
11232,4739,4744,4745,69983
10132,9822
10487,17
9822
10129,2446
10457,10484,17
10457,10487,17
23,9822
9822
17,23
10132
10457,10491,10493,1288264011,1294449011,1297818011,17
11119,2,4744
10495,17416,720360
10457,10495,13354,17
10495,17
10495,17
10177
10457,10495,17
10491,17,23
17,23
11350,17,2344,2347,3048891,86
171141,227203,2328,2344,86
10480,17
10457,10482,17
10132,10163,10177
10493,17
10457,10482,17
10495,17,23
10132
10484,17
10480,17
16004731,4456
17,23
17
10132
10493,10495,17
10491,17
10491,17
10484,4497
10482,10491,10495,4497
10457,13354,17
16272,17
17
10457,10482,17
10495,17
10457,10484,17
10457,10495,17
17
13354,13389,17
10457,10495,17,23
49
10484,17,4456
10493,10495,17
10132
10457,10491,17
10491,17
17
10493,171129,23
171129
10457,10487,10491,17
10484,4465,720360
171129,4465,720360
10482,10491,10495,17
10457,10493,10495,17
13354,17
2446
10480,17
10457,10489,10495,271586011
10482,10491,17
10470,10480,17
17,23
13354,13371,17
10457,10482,10491,10495,17
10487,17
10132
10457,10484,17
10482,10493,17
17,23
10495,17
10495,17
10480,10491,10495,17
10207,10399,11232,1288264011,1294449011,1297605011,1297808011,9928
10482,10484,17
10487,10495,17
10489,271586011
10487,17
10495,17
10495,13371,17
10493,10495,17
10491,10495,17
10487,10495,17
10487,17
10482,10491,17
10493,171129
23,4497
10491,10495,17
10493,17
10480,10491,10495,12498
10493,17
10495,17,23
10491,10495,17
10457,10495,13354,17
10480,10495,17
10132
1036682,10480,10484,17
10484,720360
10132
13354,17
13354,17
10129,10132,10487,171129,9822
720360
10132,13371,9
10484,17
10491,17,23
10129,13354,720360
10457,10482,10495,17
10132,10495
10132,10457,10491,10495
10482,17
10457,10484,17
10468,10484,17
10457,10484,17
10468,10482,10484,17
13354,17,4735
13354,17
10457,10491,10493,17
10491,10495,17
10491,17,23
10457,10484,17
10484,17
10129,10457,4465
10457,10493,17
10457,10491,10495,17
10482,10484,17
10480,10484,17
13389,17
10495,13389,17
13354,17
10495,17,23
10457,10482,10487,17
13354,17
10468,10484,17
10177,10495
10457,10484,17
10132,10491
10132,10491,4497
271587011,720360,9822
13511,20,4675,4696
10132,4497
10132,9955
11232,17,282916,4733,4751
10177
10457,4497
10132
11232,4456,4736
10177
11401,2665,2717
10248,14452,5045,9966
10163,10177
10132
10491,13354,17
2442,2445,3048891,4456,4984
173514,2,600620
2970,3017,465600
2970
3016,3021
3016,3068
2966,3016
1084192,2966,3016
2970,3160,3284,3372
465686,4696
10461,10470,10482,10495,17
10459,17,25
10491,10495,49
13354,17
10163,10177,720360
10132,10163,10491
10457,10482,17,23
10470,10482,10495,13356,17
10163,10491,10495,276240011
10129,2426,2435,5241
10468,10480,17
10468,10480,17
10132,10163,10491
10129,10132,10163,10177,12331,12489,16273,332928011
16567,16602,4861
10491,10495,49
13371,17,746228
49
13354,17
10132,49
10132,49
11119,11232,11325
13354,17
10177,10495,4497,720360
10457,17
10480,10495,17
10457,10482,17
10480,10495,17
13354,17
10480,17
10497,17
2
11388,2331,2344,2445,4507,4684
10177,11232
10461,10495,17
10139,10177
17
10177
10457,17
10132,10491,12489
17
16273,16286,17
10480,17
10470,10480,10482,10495,17
10132
10132
10470,10480,10482,10495,17
10461,10470,10495,17
10177,720360
10461,10470,10482,10495,17
16195,17
10457,17
10457,17
10457,17
17
10457,17
10177,10491,720360
10132,10399,10491,12489,17445
10457,17
10132,10177,10195,10399,9
10457,10482,17
4456
10461,10470,10495,17
10457,17
10457,17
10163,10177,720360
10163,10177,10491
10468,10480,10495,17
10461,10495,17
10457,10484,17
10468,10480,10495,17
10457,17
10461,10495,17
10491,10495,720360
10132
10480,17
10457,720360
10457,10484,17
10468,10480,10495,17
10468,10480,10495,17
10468,10480,10495,17
10468,10480,10495,17
10491,10495,49
17,2340,2344,86
10461,10495,17
10468,10480,10495,17
10468,10480,10495,17
10491,10495,25,49
10468,10495,17
10461,10482,10495,17
10491,10495,49
10177,10493,720360
10489,10493,10495,271586011,720360
10495,49
25
9928
1000
10132,10177,10399
17496
17445,17496,2970,3150
16004731,4456
10132,10163
4456,9928
10132
10132,10457,10495
11401,2445
4456
10132,10300
10132,10163,10491
10132,10163,10177,720360
10132,10163
17
10132,10163,10491,9822
10132
10132,10457
10132,4497
10132
16272,332928011,68145
17
17
17
17,18
49
10493,17
17,23
49
49
49
49
49
17
10484,271586011
49
49
10457,10491,17,23
49
49
16190,17
18
17
18,49
10484,4497,49
10132,49
10132,2160
11385,11401,4732
18,271586011
10132,28
49
16197,49
49
49
49
49
49
10132,49
49
10132,23
16197,49
10132,10399,10491,271586011
12333,2717,2735,4736,491438,491580
11005,11320,11322,271635011
10484,16190,17
11320
10177,10495
4497,49
18,49
10163,18
10132,10399,2160
1288264011,1294449011,18,49
49
10132
49
10491,49
4497,49
18,4497,49
18,49
10300,4497,49
10495,49
10132,10177
10132,25
4497,49
10177,10493
16197,17
49
10487,17
10480,10487,10495,17
4497,49
10457,10491,10495,17
10457,49
17
10487,10491,17
10487,10491,17
49
10457,10491,10495,17
10457,10487,10495,17
10457,17
10132,10491,10495,49
10491,17
10480,17
10489,271586011
10132,4497,49
10457,17
10457,17
10132,10457
49
10132
10495,17
49
10457,17
10399
10132,4497
10482,10491,10495,17
10495,49
17
10457,17
49
49
49
49
49
49
4497,49
49
10132,10399
10132,10399,25
10399
12673,12689
13354,17
17
11232,2366,4853
10487,17
10495,49
16197,16205,49
10495,16190,49
17,23
10457,10491,10495,17
10177,10482,468236
4497
10163,10457,10487
10480,17
17
10495,25,49
10487,10495,17
12689
13371,17,746228
171115,2377,4853,917114
10491,13354,13371,17
49
10461,10480,17
10491,10495,17
49
10491,10495,49
10487,17
10495,13354,17
10163
10457,17
10495,17
13371,17,746228
10491,17
10457,10487,17
17,4729
10491,10495,17
10132,4729
13371,17,746228
10495,17
10163,13354
13354,17
10495,49
10495,13354,17
10493,10495,17
10457,10487,17
10163
13354,17
10491,10495,49
15812761,5020,5022
10491,10495,49
10480,17
10457,10482,17
10480,17
17
10491,17
10457,10482,10487,17
10457,10495,17,4366
10132
10468,10480,17
13371,17
10480,17
10195,10493
10129,10491,10495
10487,10489,10491,271586011
10163
13354,17
10457,17,23
10480,17
10480,17
10491,10495,17
10480,10482,10495,720360
10457,17
10132,13354
10129,10493,10495
13371,17
10480,17
13371,17
13354,4465
10300
10457,10495,17
10487,10495,17
10489,10495,271586011
13371,17
10177,10179,10195,10457
13354,17
13354,4465
13354,17
13371,17
10491,10495,17
13371,17
10495,13354,17
10461,10482,17
10457,10482,17
10491,10495,17
17
13354,17
23,4465
13354,17
10495,17
10491,17
10163
10482,10491,10495,17
13354,4465
13354,17
13354,17
16190,17
16277,16308,17
16195,49
16272,17
16004731,16190,4456,4465
16190,17
16190,4465
16197,16201,17
16190,17
10139,10177,16197,16201
16197,17
16197,17
16195,16205
16197,16201,17
16273,17,271585011
10399,16286
16195
16195,16205,17
16273,17
16195,16205
16190,17
16197,17
16195,17
16197,17
10132,10399,16272
10016,10132,2159
10132,10399,17416
10300,10399
10132,10399
10399,49
10399
10399,4
10132,10399,720360
10132,10399,16261071
10399
10132,10399,720360
10132,4456
10399,16272,4456
10399
10132,10399
10132,10399
10132,10399
10132,10399,21,4456
10399
10399
10399,22
10399,21,720360
11232,12599,297517
10132,10248,10399
10132,10248,10399
17
10132
10132,10163
10132,10177
10132,16197,49
10399,16272
10132,10177
10141,12599,16190,49
10141
10132,16197,49
10132
10132,10173
10132
10457,17
10132
10177,171129,5035
10132
49
10132,10177,10399,4497
16197,16205,49
10132,11232
16197,49
16197,49
16197,49
10132,171129
10132,10177
10132,4465
11970,4456
13354,720360
10141,12599,49
10141,12599
10141,12599
4465
13354,4465
10132
13354,4465
4465
11370,2444,282908,3048891,4687
13354,17,17456
10132,10177
10132
10132,13354
10163
10132
4465
10132
10132,10177
4456
10132
10761,11079,11322,266108
10132,10399,11019,16272,171129
13354,17
10132,10177,271587011
16197,49
10132,10177,4497
4375,4456
11170,11232,5035
1104,4484
10399
10399,2162,4958
10248,9966
10300,10399,4958
10399,10436,11325,2159
10399,13884,14592,16272,28
10108,10132,12015
10399,9882
2168,468236
10399,10491,10495
10399,17441,49
10399,10461,10477,17458
10399,13371
10248
10300,10399,10412
10399
13354,13356,13371,17
13354,17
13354,13356,16399311,17
13354,13356,16399311,17
13354,13356,16399311,17
13354,13356,16399311,17
13356,16399311,17
13354,16399311,17
12827,16399311,17
13354,13356,13434,17
13354,17
13354,13356,16399311,49
13356,16399311,25,49
10464,17,5045
10464,17,5045
10197,13371
10464,17
10464,17,5045
13354,17
10137,10464
10464,17,5045
10141
1475,2
13354,13371,17
10464,17,5045
10464,17,5045
10464,10495,17
13354,17
10464,17
13354,13371,17
10464,17,5045
10163,11119,2444,4682
49
13371,17
10129,13354
10457,17,5045
13371,17,746228
10464,17,5045
10197,13371,271584011
10464,17,5045
13371,17
10457,10487,10491,10495,17
13354,17
10495,13354,17
10195,10482
10464,17
13371,17,746228
13371,17
10129,10457,10487,10495
13354,17
13354,17
13354,17
13354,17
10464,17,5045
10129,10487,10493,10495
10495,13354,13389,17
10461,17
13371,17
10480,10482,10484,17
13354,13389,17
10457,17
10195,10457,10482
13354,9822
13354,13371,17
10464,17
13354,13356,17
13354,13389,17
10495,13354,17
10480,10482,10484,17
1288264011,1294449011,1297808011,13354,17
10457,10487,17
17
13354,13371,17
13354,17
10137,10464
13371,17,746228
10457,10491,10495,17
13354,17
13354,17
10132,23
10487,10495,49
13354,17
10129,13354
10464,17
10457,10491,10495,13389,17
10480,13354,17
10129,10480,10482,10484
13354,17
10457,17
10461,17
10137,12827
17,746228
10163,13354
13371,17
10457,10495,17
10495,13354,17
10129,10484
10495,13354,17
10495,13354,17
10459,10461,17
10495,17
13354,17
10163
10464,17
10493,17
10491,10495,17,23
13354,13389,17
13354,13371,17
13354,49
10495,17,23
10457,10482,10495,17
13356,25,276240011,9822
10495,13354,13389,17
13371,17
10464,17
10487,10495,17
10457,10497,17
10495,13354,13389,17
13354,17
10495,17,23
13371,17
10163
10137,13354,16272,18
10457,10484,17
13354,13356,49
10495,13354,17
17,23
13354,13389,17
16190,49
13354,13356,49
10457,10487,10495,17
13354,17
10129,13371
10464,17
10141,13354
10137,12827,13354,16399311
13354,13356,9814
10129,10491,10495,9822
10129,10457,10482
17,23
10457,10495,17
13354,17
10137,13371
10495,17
16195,16399311,49
10495,13354,17
13354,13389,17
13371,17
10457,10495,17
10495,13356,13371,17
10464,17
16195,16399311,49
16195,16399311,49
16195,16399311,49
10495,16190,16399311,49
16195,16399311,49
10457,13356,16190,16399311,49
16195,16399311,49
16195,16399311,49
10129,10132,13356,16195,16399311
13354,17
13356,16190,16399311,17,276240011
13356,13371,16399311,17
10457,10495,17
10457,10484,17
10129,10487
10495,13389,17,25,276240011
13354,17
13354,13356,9822
13371,17
13354,13356,17
13354,13356,17
10495,13371,17
10464,17
10495,17,23
10495,13356,17,276240011
524198
10248
10132,4465
10016,16273,4465
2970,3167
10129,10480,9822
49
10016,2787,2966
16190,16273,17
16273,17
10163,10177,23
10248,9966
16004731,4456
10163
10441,13356
266117,2717,355577011
11232,11336,4456,4897,491412,491448,684277011
16190,16272,17,4390,4853
10132,10173
11019,4948
4456,9928
10132,9822
49
11119,12689,12809,4736
10177,2423
11376,2444,3048891,4744
11350,11381,11401,2,2440
10132,10177,468236
12689
10493,10495,171129
4456
10177
13354,17
12681,12689,12809,4745
4456
10195,10493
10129,10132,10491
10132,10495,23
11079,11232,4456
10491,12809,17,4739
10132
10457,10495,17
11079,11232,4456
17
10177
10457,10487,17
10457,10491,10495,17
10016,16190,16288
17
12015,16946,17029
17
17
17
1288264011,1294449011,1297818011,16272,9928
17
10495,17
10480,17
10108,16004731,2327,4456
16004731,2445,4456,9928
10491,10495,17
10480,9822
10480,17
1000
10480,10482,10495,17,23
10457,10495,17
10482,10495,17
10489,10495,271586011,49
10495,49
10129,10457,10495,49
10480,17
10480,4465
16004731,283060,4456
1288264011,1294449011,1297808011,1297818011,16272,17
16272,17
1000
10493,17
1000
1000
2970,3027,3045
886130
10399
10177,10399
10195,10399
10399,720360
10132,10248,10399
10248,10399,21,9966
10399,720360
10399
10399,271600011
10132,10399
10399
10300,10399,18,49
10399,10461,10477
10399,10461,10477
10399
10177,10399,171129
10114,10207,10399,171225,21,9882
10399,49
10016,10399
10399
10132,10399
10399,49
10399
10399,468236,49
10399,11019,11079
10016,2162
10016,2162
10016,10399,17456,2162
10399,1288264011,1294449011,1297808011
2970
2970,3068
17445,17496,2970,3068
2970,3068
2970,3068
2970
10399,17456
10207,10307,10399,21,9882
10132,10399,10491
10399
10399,25,2970,3017
10399
10399
10177
10493,17
2970,3045,465600
16272,17
16272,17
16205,17
10177,16197
17445,2970
10204
49
10399
10163,10177
10163,10177
2420
17
10248
12290,2394,2398,2445,4954,4968,5031,5035
17437,2956,3099
10132
10129,10163
10177,16261001
16190,16272,17,17468,17470,4
16190,16272,17,17468,17470,4
16190,16272,17,17468,17470,2977,3017
49
10493,17
10177
16190,17,17445,17468,3017
49
18,49
17445,17465,17496,2970,3153
10493,10495,17
16190,17
13354,17
10177,10197
10491,13354,13389,17
10129
18,49
17
17
17
10605,17,2421
16197,17
10399,2160
2970
2970,3068
10399
16272,17
17
10468,10495,17
22,2344,2394,3048891,5031,86,916612
2358,2372,28,2943,2949,2966,3096
49
10495,13354,17
10491,271586011
17,23
16190,16272,17
17
17496,2787,2967,2970,3153
10195
10399,16272
16272
10457,10495,17
10468,17
17
4456
17,23
11019,11170,12279,17,2,4746
10399,16272
16190,16272,17
10461,1288264011,1294449011,17
10482,10495,17
10399,16272
10129,18
3035701,5035
10399
16272,17
10495,13354,17
1288264011,1294449011,1297808011,16272,17
12624,4732
10132,10173
11232,2330,2366,2445,9966
10468,10480,10495,17
10468,10480,10495,17,468236
17,23
10399,16272,17470,49
10468,10480,10495,17
10468,10480,10495,17
10399,17445
17,23,2967
10132,23
16272,17
10163,10177
16272,17
10493,10495,17
17
13371,17,746228
271585011
49
10457,10482,10495,17
10468,10480,10495,17,468236
13354,17
10457,10491,10495,17
13371,17,746228
16197,16205,17
16272,17
49
10457,10482,10495,17
10480,17,5045
10493,720360,9822
16272,17,17470,468236
17,271585011
10495,49
13371,17
10163,10177
10132,10177,720360
13354,17
17
13354,13371,17
16286,17
13354,13389,17
10129,10457,10491,10493,10495
10461,10480,17
10495,13354,13389,17
13371,17,746228
13371,17,746228
13371,17,746228
13371,17
16286,17
16272,17
16272,17
16272,17
17,23
16286,16308,4497
10497,16275,17
13354,17
13354,17
16190,16272,17
10457,10482,10495,17
10457,17
271586011,4497
10482,17
13354,13389,17
271585011
2394,2445,28,4968,5035,916612,917136
18,49
17,271585011
16190,16273,271585011,720360
17,271585011
10480,17,5049
10457,10491,10493,17
10132
4456,917100
12015
10132
10132
10132
10132
11019,12279,12689
16272,171129
10132,10491,1288264011,1294449011,1297808011,16190,22
10480,17
10132
10132
16190,16272
20,4672
16272,17
2330,2366,2445
172763,2330,2445
13443,13449,13871,491700
1288264011,1294449011,1297808011,16286,17
13871,465244,468216
4744,4745,5345
13354,4465
11005,11015,11320,11322
10480,17
18,49
17
17,271585011
16286,17
10461,10482,10495,17
13354,13356,13371,17,276240011
10480,10487,10495,13354,13389,17
10495,17
10132,10491,16190
10480,17,5045
16273,16286,17
16272,17
13354,17
10457,17
16272,17
10457,10495,17
10457,10482,10495,4497
10480,10487,10495,17
16190,17,271585011
10173,11232,17
13371,17
16272,17
12689,12809,4608,4736
10457,10482,17
16190,16272,17
10480,17
10457,10491,10495,17
10489,10491,10495,271586011
16197,16201,17
10457,17,170103
10457,10487,10495,17
17
10108,22,2366
10491,10495,17
2327,4456
16272,17
13371,17,746228
10493,17
10457,10491,10495,17
10457,10495,17
10457,10493,10495,17
10487,10491,10495,17
10303,5035,916612,917136
13371,17
10457,10491,10495,17
13354,17
10477,10480,17
10457,10495,17
10495,13354,17
10491,10495,17,23
10495,17
13371,17
10480,16190,17
10457,10491,10495,17
10457,10489,10495,271586011
10457,10491,10495,17
10129,10457,10491,10495
10457,10491,10495,17
10464,10480,17
16273,17
10480,10482,10495,17
10480,10495,17
1288264011,1294449011,17,271585011
17,271585011
10470,10491,10495,17
11119,4456,4736,9928
17,23
17
16286,17
17,271585011
16197,17
16197,4497
2445,4456
16272,17
10493,10495,17
16272,17
13371,17,746228
10137,10489,271586011
13371,17,746228
13371,17,746228
13371,17,746228
11320,11322
10477,10480,10495,17
10163
10480,10495,17
10480,10495,17
10457,17
10480,17
13371,17
10457,10482,10495,17
10461,10482,10495,17
10177,10470
10177,10470,10482
16272,720360
16197,17
16195,16205,17
10480,10491,10495,17,23
13354,17
10480,10482,10495,17
10493,17
10495,17
10457,10495,13389,17
10493,10495,17
10480,10482,10495,17
2394,2445,28,5035,917136
16197,17
10477,10480,10495,17
10495,17
13354,17
10491,10495,17
10480,17
10480,17
10480,4465
10480,17
10480,10495,17
10495,17
13371,17
10461,10482,17
10477,10480,17
10495,17
10495,49
1288264011,1294449011,16197,17
10495,17
10495,49
10491,10495,49
16273,17
10464,17
16272,17
16272,17
10493,271586011
10132,16272,271586011
10480,17
10132,10487,171129
10129,10491,13354
13354,17
10491,10495,17
10480,10495,17
13371,17
10487,17
10457,10495,17
10132,10495,171129
10132,10480,10495
10457,10491,10495,17
10132,10482
10129,10484,3559170011
10132
10491,10495,17
10132,10491,10495
10495,17
17
10493,10495,49
10491,10495,49
10457,10491,10495,49
13371,17
10482,10495,17
10457,10482,10495,17
10480,10495,17
13371,17,746228
13371,17,746228
13371,17
10132
10491,17,23
17,23
13371,17
10491,10495,17
10480,10495,17
10491,10495,17
10482,10495,17
10480,10495,17
10493,10495,17
10495,17
13389,17
17,23
10495,171129
10132,10495
10461,10495,17
10491,10495,17
10491,10495,17
10495,17
10480,10491,10495,17
10177,10461,10480
11019,1288264011,1294449011,13443,13445,13449,14581
10495,17
10480,10495,17
10491,10495,17
10495,17
10495,17
10480,10495,17
1099208,2432,2444,3048891,4853,747400
2423,2445,3048891,491494
10132,10177,10195
10495,17
10132,2
17
17
16193,17
17
17468,17470,25,3017
2930,2956,2966
2956,2966
17443
17468,17470,3003,3017
1288264011,1294449011,1297808011,1297818011,15356791,17468,3003,3017,4542705011
2787,2970
1000
2966,2967,3011,3212,3213
17445,2970
1000
2970,3029,3045
17441,17458,17496,18
3018
17468,17470,25,2977,3017
15356751,17468,25,2787,3003,3017,3068
17468,17470,25,3017
2956
17416,2967,3003
17468,17470,25,3017
2351,2926,2966
16190,16272,17
10129,10132,9822
13354,17
23,4465
17
11320,11322,271635011,4854
10163,10177
10129,10177
10177
12683,4696
10132
1288264011,1294449011,1297818011,2445,4456,4732,4733
11232,16004731,4456
2,4456
10141,10300
17
11232,11401,4456
2966,2967,3017
16190,17,2970,3017
10399,16197
10399,16197
10399,16197
11232,2429,2444,3048891
10163,10177,9822
10399,16197
10399,16197,4497
10399,16197,4497
10137,524198
16190,17443,17468
4465
10132,4465
10399,16197,16201,4497
11232,355577011
10132,10399,17445
10457,17
10493,16190,16275,17,4982
12489,17
10132
12489,17
10495,16190,16272,49
10132,10480,16201
10132,4465
10132,18
16197,17
16190,17
16190,17
16205,17
10480,16190,17
49
1288264011,1294449011,1297808011,2787,2970,3150,3372
49
18,49
16190,49
10132,9822
49
49
10129,16190,49
49
49
49
13354,68262,9822
10132,18,49
10303,2984,3003,3377866011
10132,49
10300,49
16004731,4456,4539
10132,9822
49
10491,49
9822
49
68262,9822
9822
4465
10129,10132,10303,9822
10132
3035701,4854,5035
2330,2445,3048891,491406,9966
4465
10132
17,23
10177,23
10132,4465
10491,17
10132,49
10491,17
10129,10177,9822
10139,10177,16201,332928011
10493,10497,720360
10493,17
10129,10495
10491,11320,11322,17
13354,13356,13371,17
10480,17
17
13371,17,271584011
13371,17
13371,17
13354,13356,17
10132,173514,9
11007,11320,11322
16272,4497
10457,10495,17
10491,10495,17
10457,10495,17
10457,10491,10495,17
11320,11322,2438
10129,10163,10484,4497,49,542656
10163,13354
13371,17,271584011
10480,10487,17
10480,10495,12015,17
10480,10495,271586011
16272,17
16272,17
10129,10495,13354
10491,13354,17
13354,17
10129,10132,13356
10457,17,23
10457,10495,17
13354,17,20
10489,10495,271586011
10484,271586011
18,271586011
11005,11232,11320,11322
10177,17437,17441,17443,17458,17468,17470,25,3017,3018,4497,49
13354,13389,17
10495,49
13354,16272,17
16272,17
16273,17
10484,13354,13389,17
10129,13389
17
10493,171129
10493,10495,1288264011,1294449011,1297808011,171129
10480,10489,10495,271586011
10457,10482,10491,10495,17
10457,10491,10495,17
10129,10132,10495,25,9810
10132,10195,10300,10495,1288264011,1294449011,1297818011
11892,11970,12015,2330,275646011
17468,17470,3017,3018,4497,4569,49
49
11320,11322,18
11320,11322,18
11320,11322
27,3035701,5035
10480,10495,17
10482,10495,17
10457,10491,10495,17
10457,10493,720360
10457,10495,17
10129,10311,10482,10495
10132,10399,17445,17496
10457,10495,9822
10132,10457,10484
13354,13371,17,271584011
10457,10495,1288264011,1294449011,1297808011,13354,17
10495,13354,17
10163
13354,17
10480,10484,17
10480,17
10480,10495,17
10129,16272,49
4497,49
10495,13354,13389,17
10495,13354,13389,17
10495,13354,17
10491,10495,13354,17
10457,10495,13354,17
10495,13354,17
10177,10493
10129,10484,13354
13354,17
17
10457,10491,10495,720360
10480,10487,10495,17
16272,49
16272,18,49
10163,10495,49
10177,10197
18,4497,49
10457,10497,17
13354,17
172763,2330,2445,300960,3048891
11232,172763,2330,2445,3048891
10132,10163
21,2894,4569
10132,10491,10495,49
10493,10495,171129
10493,10495,171129
10457,10495,17
11119,17,916612
11119,4736
17
16272,17
49
17,23
10132
16273,17
16273,17
49
9823
16272,17
10248
10248
17
17
10129
10132
10177,10399
13354,17
10225,13499,5049
10399,2970,4497
10493,720360
16272,17
10137,12827,13354
11388,17,4456,4676
49
10480,10482,10495,13354,17
10137,13354,13371,13434,18
16273,17
16273,17
11119,4736,491490
10495,17
10907,11005,11320,11322,2
16273,17
10300
10129,10495,23
13441,14631,4497
10163,10495,49
10163,10495,23,49
10163,10495,49
4497
10129,10489,10495,271586011
10489,10495,271586011
10457,17
10491,10495,17
10495,13354,13389,17
10495,13354,17
16273,17,271585011
16273,17
9823
10177
10129
10399,16272
16190,17
49
10129
17,23
13371,17
17
9823
11232,11332
16190,16272,17
16272,9822
11119,12681
16272,17
13371,17,746228
10163,10495,49
10480,10495,17
17
10129
10132,11314,11401,12809,1288264011,1294449011,1297818011,3
10129,10177,10197
17,468236
16272,17
49
10129,13371
13354,13371,17
13354,13371,17
2394,2445,28,916612,917136
17441,17458,18
11320,11322
17
12676,12809,4745
10163,10495,49
10163,10495,49
10163,10495,49
17,17445,17456,17496,3150
16273,17
16311131
16273,17,271585011
16195,16197,16273,17
10491,10495,17
16273,17
13371,17
10177,13371
16272,49
720360
13354,13371,13434,17
2558,2682,2683,2685,2745,4749
16272,17
16273,17
16197,16201,16272,17
16273,17,271585011
16195,16197,17
10163,10197
10016,10399
10399,491408
10016,10399
10016,10399
11119,2560,355577011,4732,4749
10129,10493,720360
11773,4456,4569
11232,11316,17,3632,3648,886498
10129
17
17
13354,17
10129,10163,10495,49
10163,10495,49
10163,10495,49
10129,10163,10495,49
10163,10495,49
10163,10495,49
10495,49
10163,10495,49
10163,10495,49
10163,10495,49
10163,10495,49
16272,17
17441,17458,18
13354,17
13371,17
13354,13371,17,746228
13371,17,746228
13356,13371,17,276240011
13371,17,25
13371,17
10129,13371
13371,17,746228
10459,17
49
13371,17
13371,17
13371,17
10468,17
49
10491,10495,17
10491,10495,17
10491,10495,17
16272,17
16272,17
10132,10141
16190,16272,17
13371,17,746228
16205,16272,49
13371,17
13371,17
13371,17
13371,13434,17
13371,17
17441
10399,16273
10132
16004731,4456,49,9928
13354,17
17
10468,10484,17
10491,10495,17
17
10163,10495,49
10163,10495,49
10163,10495,49
11320,11322,18
10503,11873,16252681,17041,17228,4456
10132,10177,173514,9
16273,271585011,4497
13371,17,746228
10480,10487,10491,10495,17
10457,10487,10491,10495,17
13354,17
10300
10,13371,17
13354,720360
10495,17
17
10491,10495,17
11320,17
10207,11320
10207,11320
10225,11005,11320,11322
10300,173514,9
13354,17
10177,13354
13371,16272,17
17
1000
9823
10491,10495,17
10491,10495,17
10491,10495,17
10495,17
10300,10480,10491,10495
16272,17
10563,11320,11322
11320,11322
1288264011,1294449011,13354,13356,13371,17,276240011
13354,13371,17
10129,13371,271584011
13354,13356,13371,17,276240011
13371,17
17
17441,17468,17470
10163,10495,49
10163,10495,49
10163,10495,49
10300
16272,17
16273,17,271585011
16197,16201,16277,16308,17
16272,17
16190,17
10132
10177,12540
13371,17
12599,9822
16272,17
16272,17
10491,10495,17,25
10491,10495,17
13354,17
10457,13354,13371,17
16273,17,17416,17470
4497
16272,9822
4456
49
21,4456,5045
17
49
4456
10177,10495,49
10457,10491,17
10484,16272,49,720360
11232,4736
9822
10491,49
10129,10457,10491
18,49
16190,9814
10132,9822
4465,9822
10177,10457,10495
11232,11320,11322,4853
10495,17
10546,11079,16311221,17,172406,4656
10491,9822
16272,49
49
10132
4,4261,4323,4615
9822
10457,17
10129
10132,10177
49
17,5049
17,4229
17
12809,16009861,2330,2398,2445,468234,9928
172763,2435,465600
17
10495,10497,16273,17
12333,12809,4736
10493,17
4615,465686,4736
9822
11370,2330,2445,3048891
10457,17
10487,10495,171129
10491,9822
2328,2344,2444,4484
10457,4465,720360
10132,171129,18,4465,720360
10132,49
49
10468,49
17
16815,17207,17209,2437,2446,68142
10129,18,9822
10482,10495,17
10457,10491,17
10457,4465
10132,10399,10410
4897,5029,5031,5035
17
11232,11325,2368,4853
10468,16004711
10132,16197,16201
10132,10399
11119,226686,2427,4682,917112
10605,11232,2330,2376,2445,3048891,468230,4925
10129,10132,468236,9822
10132,10177,10197,9822
10132,10177,10399,16004711
10132
1288264011,1294449011,16940,17029,4952
10132
10132
10132,10177,10399
10132,10399
10132,10399,9882
10132,10399,16004711,9882
12689,12809,16009861,2330,2398,2445,3048891,4745
10134,10399
11336,2330,4853
10468,1288264011,1294449011,16004711
10132,17445,9822
171225,20,226688,491704,684289011,720874
18,49,9822
10132,23,4497
12015,16940,17029,17041,17045,4952
10132
2330,2427,3048891,4689
16272,17
11232,17029,4947
12015,16252731,16795,17029,17207
11325,14452,171225,282800,4673,4853
10129,16272
16272,17,17470
17
10457,17
11472,2717,4736
10132,10197,4497
10132
10132,10177,4497
10132,11005,11320
10132,10300,10399
11119,2330,2444,2445,3048891
11472,4737
10457,23,720360
11232,11320,11322,4853
10300,17025,4456,4853
10457,10482,17
10399,11232,2160
10132
11119,227203
11232,17029,17248,4868
17
10132
11119,14452,4733,4751
10132
11119,2445,4689,4694
10129,10132,10177
10129,10132,9822
17
12624,12689,16272,17
16190,16272,17
11079,11232,2581
12015,2,4456
10132,10487,271586011
10132
10753,11079,173486,173490,173515
172763,2435,3048891
10132,10399,10433,13371,171129
10132,1288264011,1294449011,1297808011
10132
10132,10177
10132
10132,10457
10132,10457,67600,720360
10491,17
10129,10132,542666
9822
10605,2445,2717
11232,12015,1288264011,1294449011,2330,4861
17416,17437,17468,17470,2934,2967,3017,3068
1084192,2934,2967,3017
17416,17437,17468,17470,2934,2967,3017
17416,17437,17468,17470,2934,2967,3017,3068
1288264011,1294449011,2970,3003,3022,3059,3160
2934,2967,3017,3122
17468,17470,2977,3017,3068
17416,17468,17470,25
17468,17470,25
17,17416,17468,17470,25
17468
17496,3149
17416,17468,17470,25
10129,10399
10129,10132,542656,9822
10480,10489,10491,271586011
10177,9822
10480,10489,271586011
10480,10489,10495,271586011
10480,17
10480,17
10399,9882
10132,10399
10129,10132,9822
10132,16272
10132,10399
10132,10399,16004711
10132,10399,1288264011,1294449011,468204,9882
10179,10493,720360
10132,10195,10399
10016,10457,10482
10016,10461,10482
10491,10495,17
10132,10300,10399
10132,10399
10457,10491,10495,17
10495,17
12331,12489,12809
12489,12809
10491,10495,17
10132,16272
4300
10605,468224,4853,491414,491422,4988,4991
10480,17
12449
2395
10129,10399,2,9882
10132
12559,2330,2394,4970,5031,5035,916612
1288264011,1294449011,1297808011,4854,917004
10141
10132,10169
10457,10495,17
10132,10399,1288264011,1294449011,1297808011
12689,12809,16009861,4456,4744,4745
12689,4737,4744,4746
10163,12489,12809,9822
10132,9822
10491,10495,4497
10495,17
10491,10495,17
10480,10495,17
10480,17
11119,12809,2,4744
17,4672
1288264011,1294449011,2371,2376,3048891,4958
10129,10132,10177
17
11232,4954,5031,5035
1104,11232,12599,1522,16190,297517
2395,2432
4732,4733,4744,4746
11232,2330,2371,2432,3048891,4853
10177
10495,49
10177,10195,10300,49
10204,11892,11970,12015,2330
11119,17,227203
10132,10177
10132
10457,10491,10495,17
10177
10132,10177
10457,10495,17
11322,11325,172763,2432,2445,3048891,4685
4739,4744,4745
10480,17
10480,17
10480,17
12689,4739,4744,4746
9822
172763,2330,3048891
11119,12817,2445,4744,4746
10163,13354
16815,171115,17207,2446,68142
10204,10399,11232,2330,2371,2421,2432,9882
10491,10495,49
17,23
10457,10491,10495,17
10457,10495,10497,17
11119,12689,4402,4746
2371,2376,4958
21,2371,2376,3048891
10132,10163,10177
11232,2330,2371,2376
10129,10132
4300,4327
10495,17
10457,17
11970,17029,465600,9
11232,11332,227137,5007
10480,10482,17
17029,4456,4948
10493,17
11401,16004731,4456
10132,9822
10480,10482,17
10457,10482,17
10457,10482,17
10129,16190
10491,10495,16190,17
10457,10491,10495,17
10177,10457,10484
10132
4465,9822
10132
12489,9822
10108,4456
10132,10177,10399,468236,720360,9822
10495,13354,9822
10132,10163
17
10132,10177,720360
17
17416,17445,17468,17470,2787,2967,2970,3017
16190,17,2967,3017
17416,17468,17470,2967,3017
17416,17445,17468,17470,2967,2970,3017
17416,17468,17470
17416,17445,17496,2872,2967,2970,3016,3064,3123
10399,2787,2970,468236
17437,17445,2956,2970,3064,3068
2787,2970,2977,3025
2787,3003,3016
17416,17445,17496,2967,2970,3050
171188,2970,3153
17496
17416,17445,17468,17470,2967,2970,3017
17,28
17456,17496,3003,3153
1288264011,1294449011,2787,2970
2344,4569,5397
17437,2929,2977
10324,49
4689,4739,4744
4456
4375,4456
4456
4456
2020,4456,4689,4745
1288264011,1294449011,4456
10457,10482,17
11005,11320,11322
10132,10177
17,23
10179,10457
11232,17,172763,2344,2445,86
10457,10495,17
10495,17
2330,2445,300960,3048891
10137,10480,10495
10129,10491,10495,9822
2445,3048891,4861,491422
2330,2445,465600
10132,16190,49
10132,10495,49
10480,17
10132,4465
10480,10495,17
10457,10491,10495,17
10457,10491,17
11232,11902,4456
11325,2395,2397,2445,4853
10480,10487,17
2575,4746,4749
16244121,5012,5022,5031
11119,13871,13884,2426,4695,917108
13354,4465
10132,4673,9822
10129,10132,10177,10491
10132,10399,4497
10132,10399,4497,9822
2330,3048891,4402
10132
10177,13371
10177,13371
10480,10495,17
10480,10495,17,23
10300,49
4615,4736
10132,10163,10177
10163,10177
10132
10495,17
10177,13371
10129
16004731,4456,9928
10457,17
11392,2330,2445,3048891,4610
10546,10767,11079,11232,1196142,720030,917034
10546,11079,11232,1196142,387040011,4884,5000
11320,11322
1099208,11079,11232,747400
10177,10399,265790
12333,12809,2398,2421
17,23
17,23
17,18,23
17,23
17,23
13371,17,746228
13354,17
17,23
10132,171141
10132
10129,10132
10132
10491,17
10179,10457,10484
10132,4465
17
10495,49
10480,17
10480,10495,17
10132,49
10480,10495,17
10132,13354,9822
10132,13354,9822
10132,4465
10132,1288264011,1294449011,1297818011,4465
10493,720360
10495,17
10457,10491,10495,17,9
10129,4465,542666
10461,10480,10482,10484,17
13371,17,271584011
13371,17,271584011
49
10163,10495
10132,10177,10491
10195,10300,10495,4497
10129,10132,25,49
10480,10484,17
10495,13354,17
17,23
10491,17,23
10457,10491,10495,17
10457,10491,17
11320,11322
13354,17
10137,12827,13354,276240011
10457,10482,4497
10300,12827,13389
10163,23
10495,17,23
10491,10495,17,23
10495,17,23
13354,17
10495,17
10491,271587011
10132
11892,11970,12015,17,2330
13354,13371,17
13371,17
10417,10457,10495
10480,10495,17
13354,13356,13371,17
10132,10300,49
13354,17
13354,17
10480,10495,13354,17
10132,13354
10495,17
10132,10491
10132
4465
10132,4497,49
23,4465
17,23
10177,10457,49
10177,10457,49
13354,16190,17
13356,13371,17
10480,10495,17
16190,16399311,4497
10495,720360,9822
10457,17
10495,4465,720360
16201,17,17468,17470
10129,10137,16193
16273,17
16190,17
13354,17
10137,12827,13354
10480,17
20,4676
2,4853,5049,886130
10137,10300,10459
16197,17,1829,2
2787,2966,3150,3153
10132,12489,468236
13371,16190,68145
12500,17
11079,4456
16195,17
16272,17
16195,17
16272,17
10132,10177,68180
12689
16272,17,17416,17468,17470,2966,2967,3017
17468,17470,25
16197,16201,17
16190,17
16201,17
1288264011,1294449011,16201,17
16201,17
12015,16973,17029,3048891
17029,17236,17244,4456
17029,17236,17244,68142
10132,10177,10195
3048891,4230
11232,2368,2445,4891
12051,1288264011,1294449011,2330,3048891,4456,4861
12015,16855,17029,17228,465600
12015,16855,17029,17228
14529,2330,4853
10132
13354,17
10132,13354
2330,3048891
11322,2438
10129,12817,2421,282914,4610
11332,2434,2445,4853
17
17
13871,468216
4465
11232,12599,12689,15356881,16203,17445,17468,17470,297517,9988
11079,4861
10132,10491
11232,2445,4615
10132
11079,11232,1196142
11119,11232,160223011,292220,3048891,4751
4465
2433,2445,300960,3048891
16703,300961,3048891,4781
17
16973,17029
10132,10324,468236
10457,10495,17,23
10495,17,23
11714,11753,12333,468234
10495,17
10132,10495
10132,10495
49
18,49
171115,17201,2376,4928,917114
17416,17458,17468,17470,2967,3016,3017
1288264011,1294449011,17416,17458,17468,17470,17496,2967,3016,3017
17465,17468,17470,2966,3017,3401
17416,17458,17468,17470,2967,3016,3017
17416,17458,17468,17470,17496,2967,3016,3017
17416,17458,17468,17470,2967,3016,3017
17416,17468,17470,17496,2966,2967,3016,3017
17416,17458,17468,17470,2967,3016,3017,3061
2328,2344,25,4484
4615
11232,4456
16004731,4456
10482,10484,17
12015,16480,16662,2376,2445
16004731,4456
9822
1288264011,1294449011,2581,2635,2637,2682,2685,2745,3049091
10132,10177
10491,10495,17
17
2376,2434,2445,3048891,4853
2423,2445,4673
2376,2399,2445,5001,886494
10457,10482,10484,17
1065004,2328,2344,2444,282843,3048891,465682,86
10177,10484,2,4497,49
11015,17,2397,2445,4762
10484,1288264011,1294449011,1297808011,1297818011,4456,9822
10561,2376,2445,4885
10491,9822
11119,4739
12279,12689,4739,4747,863256
2575,4747
4456
20,2575,4747
2432,4853
465600,4744,4745,4749
16193,17
2330,2397,2445,3048891,4762
10169,10491,10495,17
10177,17437,2367,4484,4497,4922
10132,10457,10491,10495
10468,17
2329,4456,9928
10468,17
10457,17
2328,2344,2347,4456,4507
10457,10491,17
10482,10484,17
10457,10495,17
10457,17
10480,10482,10495,17
10132,10177,2376,49
16190,16215,17
16205,16215,17
16205,16215,17
16205,16215,17
16205,17
16205,17
16205,17
16205,16215,17
16205,17
16205,17
12489,13354,4465
10132
10132,10399,4465
2162,2163
10132
10132
2162
10132,10173
10132
10177,13371
2371,2377,2399,2445,4948
10132,10300,11232,9955
10129,10132
10132,10163
10132
2376,2398,2426,465220
12478,12775,15812841,17,2376
10163,10177
10114,12817,4456,4744
10108,12809,4456,4739,4744,4749
10132,10163,9857
10132
10132,10163,10491,9857
10491,17
10177,16190,720360
10470,10482,17
11232,12015,2
10132,10163,10491
10132
10132,10163
10177,720360
10129,10132,10163,10491,9857
10132,10457,10491,49
10108,12809,4456,4739,4744,4746
10129,10480,10482
10132
10132,10163,10491
10132,9857
10399
10132,10163,4497
10132,10300
10461,10470,10495,17
10129,10132,10163,10491
10129
10129,10132
13354,17
13354,13389,17
13354,17
13354,17
13354,17
13371,17,271584011
13354,17
13354,17
16472,4456
4456,9928
10468,10480,10495,17
10468,10480,10495,9822
10468,10480,10495,17
4456
10468,10480,10495,17
10468,10480,10495,17
10468,10480,10495,17
10468,10480,10495,17
10468,10480,10495,17
10132
10132,10491,468236
2567,4745
172763,2330,2371,2445
10480,17
11232,11401,4682
10132,16272,4497
10576,11232,2581,355577011
10576,2581,355577011
2444,2445,4673
10132,49
10132,10491
2340,2398,4507
16272,9823
10177,2368
2966,3016,3064
12809
2162,2427,468236
10399,2160
1083,17
17
11119,282910,491490
9928
9822
17
16195,17
10503,11232,17045,17049
11232,12333,12809,4736
10,4456,864488
11232,4456,4749
17025,4456
17
10,11232,11325,4456
16197,17
16190,17
10207
10399
10132,10399,17445,23,4
1288264011,1294449011,16272,17
10300,16190,16277,16308
16197,17
1288264011,1294449011,16197
49
16197,17
16197
16197
16272,17
10177
10177
16190,17
16193,16195,16308,17
16197
16272,49
16190,16286,17
10480,16190,49
10399,49
16197,16272,17
16190,17,3017
16272,17
16272,17
16272,17
16197,16272,17
16190,16272,17
16197,17
16190,17
16195,17
10177,10457
10491,49
49
1288264011,1294449011,16197,16205,17
16197,16205,17
16197
16197
16197
49
16272
16272,17
16197,16205,17
16197,16205,17
16197,17
16190,17
16190,17
16190,17
16197,17
10497,271586011
16272,17
16190,4497
16272,17
16197,17
16193,17
16197
16272,17
16197,17
16272,17
17,271585011
10177,12599,25
16272,17
11019,11232,4569
12624,12689
10129,10132,9822
4465
10129,9822
2365,2445,3048891
10177,10470,10484
10001,10225,11325,16009811,21,2445
17039,2081,505092
10495,13354,13389,17
10132,13354
10495,13389,17
10495,13354,13389,17
13356,16399311,49
13354,9822
10457,10495,13389,17
13354,17
13354,9822
13389,17
2970,3003,3019
10399,16004711,9882
16190,17468,17470,49
4375,4456
28,3003,4375,4456
4375,4456
4456
4375,4456
4375,4456
2683,4375,4456
16004731,2337,4456
4375,4456
4375,4456
4375,4456
4456
4375,4456
4375,4456
4375,4456
4375,4456
4375,4456
4375,4456
4375,4456
10503,4456
4375,4456
4375,4456
4375,4456
4375,4456
4375,4456
4375,4456
1288264011,1294449011,4456
4375,4456
1288264011,1294449011,1297808011,4375,4456
4456
4375,4456
4375,4456
4375,4456
4375,4456
4375,4456
4375,4456
4375,4456
4375,4456
2558,4456
4375,4456
1288264011,1294449011,1297808011,4375,4456
4375,4456
2558,4375,4456
1083,1829
4
12489,17
16272,17416,17470,2967,3114
10132,12489,25,9822
12489
12498,17
12290,12489,9822
12489,9822
10129,332928011,68145,9822
12489
12489
12489
12489,1288264011,1294449011,1297818011,17,25
12489,17,25
12489,9822
12489,17,25
12290,12489,9822
10129,16190,332928011,68145,9822
12489
10132,12489
12489,16190
12489,16190
12489
25,68145
1099208,11232,12809,2398,3048891,747400
17,68145
13371,17
49
49
49
13356,16399311,17
13356,13371,16399311,17
49
13371,17,276240011
10493,468236,49
12333,12404,4456
17,2
10132
1288264011,1294449011,13439,14631,17209,2445,3048891,5035
10132,9822
10177,10195,16195
10177,10484,17416
10129,10163,9822
12500,23,332930011
12500,23,332930011
10248,9966
9822
4737
12809,2398,2445
11232,12480,12689,13474,290061
12484,12486,12689,12783,4745
11232,12484,12486,12783,4745
11232,12484,12486,12689,297500
12484,12486,12783,4745
11232,12484,12486,12689,5126
12484,12486,12689,12771,12783,297501,4745
17
17
11892,12015,17,3048891,4737
4402
5241
11367,173514,4696
16205,17
16205,17
16205,17
16190,17
16190,17
16205,16308,17
10177,12015,12599,17029,2365,49
16273,17
16190,16272,17
16205,17
16193,17
16190,17,17468,276240011
16201,17,17468
16197,16205,17
16197,17,17468
16205,17
16190,17
16205,17
16190,17
16190,17
16197,17
16195,49
16197,17
16190,17
16195,49
16195,49
16190,17
16197,17,5045
16190,17
16195,49
16190,16272,17
16197,17
16197,17
16190,17
16190,17
17,271585011
16197,17
16190,17
16197,17,5045
16190,17
16197,17
16195,49
16190,16272,17
16193,16197,17
16195,17
16190,17
16190,17
2637,2675,2745,4375,4456
2637,2683,2745,4375,4456
2683,4375,4456
2558,4375,4456
12599
10300,10399,10459,10461,10477
5126,5345
11119,12689,4737
11119,4737,4745
11119,12676,12809,4745
12489,9822
10197,12489,9822
12489,9822
10457,10491,10495,17
10480,17
10457,17
4
10399,2970,3072
10399,2970
4199,4456
11763,4736
4739
10,11401
4375,4456,5045
20,4676
10,11401
4613
12689,12697
4261,4336,4615
1,5045
4456,4675
11119,11232,4739,4746
17
11119,12809,17
12809
4719,4725,4727
11325,282840,524198
3061,3150
3061,3150
13598,290062
193766,3825121
16190,17,3825111
4696
12393,12809,17
17
2,4999
11119,12671,4744,4745
12809,4732,4736
11119,12809,4732,4736
1000
1000
10300
2160
10132,9822
10207,11399,16203,16288,3017,9928
10132,10177
10129,10132,1288264011,1294449011
171129
10480,17
10480,17
10480,17
10480,3559170011,4465
10132
11320,11322,12290,4861
10132,9822
10480,1288264011,1294449011,1297808011,1297818011,17
10461,17
17
16190,16272,4465
2423,2434,2445
11119,11232,2445,3048891
9822
10503,4456,9966
10470,17
10177
10495,49
10177,10195,4497
10132
10491,17
11019,1288264011,1294449011,1297818011,4497,4744,4745,4746
3048891,4853
15812171,4456,4877
13354,17
13354,17
10457,13354,17
10457,10495,17
17
10129,13354
13354,17
13354,17
13354,17
13354,17
13354,4465
10495,13354,17
17,276240011
10129,13354
10495,17,23
13354,17
10495,17,23
13354,17
10495,17,23
13354,17
10480,17,23
23,9822
13354,17
17,23
10495,17,17456,23
13354,4465
10495,23,49
10484,17,23
10132,13354
13354,17
13371,17
10495,13354,17
10457,10484,17
13354,17
13354,17
13371,17
13354,17,18
13354,4465
10487,17
12827,13354,17
13354,13371,17
10129,13354
16399311,17,276240011
13354,17
10495,13354,17
13354,13371,17
10132
13354,17
10484,17,23
10495,13354,17
13354,17
13354,17
12827,13354,17
13371,17
10495,17,23
13354,17
13354,17
10484,17,23
13354,17
13354,17
13354,17
10129,13354
10457,10484,17
4676
17,4456,4484
12689
10,12333,12809,21
12809,4745
10,12809,21
4746
10,12333,12809,21
12809,4507,4744
10129,11119,12817,20,4746
11119,17,20,4744
12809,4744
11232,11376,2444,3048891,4736
11119,12809,4744
10580,12809,171141,4744
12809,4744,4745
11119,12817,2571,2685,4744
11119,12333,12809,4736
11119,11388,12809,4739,9928
11119,11401,1288264011,1294449011,1297808011,1297818011,171119,17496
12333,12809,4744
11376,300960,3048891
11119,12809,4744
11232,12809,13474,14454,290061,886130
10,10300,3101,3143
10,11401,171119,22,3101,3143
11119,11325,12809,4736
12809,20,4733,4734
12809,4744
12809,4744
11232,12689,12809,20,4732,4744
12621,12689,4736,5045,5049,886130
11401,17496,4733
10,11401,171119,17496
10,22,3101,3123
12809,23,5241
10169,2160,4484,468230,491406,5035
16205,16215,17
4390,4398,86
12333,4252,4256,4257
12333,5126
11401,12809,2398,271632011
16193,3825111
16190,17,3825111,4392
16190,17,3825111,4392
16190,17,3825111
25,3825111,4392
16190,17,3825111
16190,17,3825111
16190,17,3825111
25,3825111,4392
16190,4390,49
4392
25,3825111,3825121
25,4394
2804,2966,2967
10177
10132,10491
468224,4853,491414,491422,4988,4991,5267708011
12634,12681,12689
11232,11445,11749,12484,12486,12599,12624,12689,297517
10399
17,28
10011,10207,11232,14282441,14282491,468236
21,4402,4456
11232,11390,2365,2967,4853
720360
10132,13354,4465
12279,4739
10177,10491,465210
10491,4465,9822
4465
10173,10177,10491
10132,16201,17416,17468
17
10132
10177,16197,16201,17416,17468
16197,16201,17
10132,9822
16190,17,2445,4689
10132,12489
17
10132,4465,9822
11232,2366,3048891
10137,12809,23,2423,4696
10132,10399
17
12015,16638,2330,2377,2446,3048891
10132
10173,10177
4497
4497
10137
10177,10495,49
10129,10132,9822
13354,17
10491,17
4465
4497
2444,2445,4497,4689
10173,10177
10480,17
10480,17
10480,13354,4465
12333,12809
12333,12470,12577,12809,172810,21,69983,863256
12333,2328,2344,2398,4736,86
12350,12374,12422
12056,12333,12809,16009861,172810
4,4456,5043
4615
4615,4639
11232,11325
11079,2542,2656,355576011
12689,12809
10605,11119,11232,2445,282908,300960,3048891,4684,4687
14278871,2432,4230,4252
16959,300961,3048891,5072
10132
1104,4456
10907,1099208,11005,11079,11232,4861,491422,491452,491470,747400
10767,11079,11232,1196142,4733,4861,491422,491470,684295011,747400
12489,17
10605,11970,12015,4456,684288011
10132
10399
10399
10399
10399,10491,10495
10300,10399
10399
10399,49
10399
10399
10129,10399,10495,49
17,2977
1043960,17
11970,12015
11119,2675,4745,4749,863256
11232,12683,4739,4744,4745,4749,863256
10132,10177,9822
10132,16190,16272,49
10132,16197
11232,12333,4733,4734
12689,12809
11119,11232,11325,4732,4734,4736
11232,1829,5102
11447,11871
4656
10491,9822
10132,13434,16195,542656,9822
10132,13434,16190,16272
4465
10132,468236
10129,16260301,49
